PlayerID,GameID,AchievementID,GainTime
1,107,6749,2019/10/7
1,105,7253,2021/11/24
1,24,6711,2026/1/12
1,202,8363,2021/7/9
1,60,4632,2023/8/1
1,50,2736,2016/11/15
1,100,7501,2023/1/6
1,23,7706,2022/10/7
1,181,9008,2023/5/12
1,18,2527,2021/2/14
1,54,3261,2024/9/11
2,142,6373,2021/3/30
2,203,1538,2021/1/26
2,140,8147,2021/12/2
2,59,7718,2021/12/27
2,169,5406,2022/11/25
2,83,5223,2024/10/12
3,5,9999,2019/8/23
3,145,9387,2019/1/2
3,97,4192,2017/3/10
3,12,1580,2017/4/18
3,137,7868,2024/10/26
3,46,7748,2022/4/16
3,41,3009,2020/11/2
3,191,2925,2020/11/24
3,23,5339,2020/10/23
3,60,8904,2024/8/29
3,33,3013,2020/1/16
3,28,4008,2020/12/28
3,65,6276,2018/1/9
3,47,8057,2026/3/9
4,206,3271,2021/2/2
4,86,2538,2020/1/4
4,62,7207,2019/12/4
4,35,2838,2023/10/8
4,152,2310,2022/4/30
4,31,7884,2019/5/6
4,198,1889,2021/1/14
4,101,8081,2020/9/13
4,116,2795,2020/11/7
4,26,1119,2024/8/16
5,34,1103,2021/12/19
5,122,1847,2018/11/1
5,19,1932,2022/6/14
5,167,4333,2021/2/14
5,159,7838,2022/9/6
5,25,5640,2021/3/30
6,186,7060,2023/9/2
6,8,4412,2018/4/20
6,173,8125,2024/4/10
6,125,1433,2025/7/27
6,181,1286,2023/7/16
6,26,7917,2022/8/6
7,125,9427,2020/11/19
7,46,6793,2021/10/6
7,29,7876,2020/2/24
7,5,5382,2020/11/22
7,146,3316,2020/12/9
7,18,3258,2022/12/4
7,102,7219,2019/12/24
7,177,9240,2025/9/24
7,69,6783,2024/4/17
8,188,6223,2019/11/27
8,83,5263,2023/10/20
8,166,9108,2022/5/30
8,101,3463,2019/6/5
8,198,1371,2022/7/10
8,134,4850,2023/9/8
8,111,1992,2018/6/7
8,59,5129,2023/3/8
8,163,7213,2022/10/29
8,105,7839,2022/11/10
8,16,7712,2019/12/21
8,69,7144,2024/8/6
8,40,8425,2021/7/12
9,150,1665,2023/11/23
9,129,2505,2021/1/25
9,139,3904,2025/7/2
9,67,5413,2026/5/6
9,108,8414,2021/1/13
9,170,1432,2018/11/23
9,199,9541,2025/10/2
9,22,4192,2024/4/30
9,114,2601,2020/6/10
9,34,5176,2023/1/22
9,11,2925,2021/12/22
9,163,8003,2021/11/14
9,48,4759,2021/6/19
9,79,9153,2019/4/29
10,28,5781,2020/12/7
10,168,4646,2017/5/25
10,48,4794,2023/3/3
10,16,9958,2019/8/5
10,163,6656,2022/12/22
10,11,7737,2021/6/4
11,146,2876,2019/9/22
11,74,8289,2018/11/23
11,176,9976,2022/7/23
11,75,9151,2022/7/19
11,166,7373,2023/2/26
11,49,4879,2020/10/31
11,106,2873,2020/12/18
11,166,5095,2021/3/3
11,67,3686,2027/1/10
11,203,6083,2021/7/25
11,54,9107,2024/5/5
11,25,1873,2022/3/21
11,32,4435,2021/3/4
12,117,9699,2021/4/21
12,179,7333,2021/2/9
12,28,5897,2025/2/25
12,2,8376,2019/5/5
12,164,1019,2019/9/4
12,125,2567,2025/10/16
12,57,7467,2022/12/15
12,10,2978,2026/2/13
12,82,3232,2025/3/7
13,45,1069,2023/10/19
13,57,4124,2022/12/29
13,65,4254,2020/9/29
13,146,3557,2020/9/12
13,10,1783,2020/12/21
13,159,6168,2021/9/16
14,42,3125,2021/12/2
14,96,7502,2021/8/21
14,38,8225,2020/11/28
14,165,6955,2022/5/21
14,2,7340,2019/5/23
15,25,3766,2022/11/12
15,88,5506,2025/5/27
15,8,5061,2019/7/4
15,110,1160,2021/4/16
15,31,7391,2019/7/11
15,61,2990,2019/3/11
15,5,3624,2023/1/1
15,175,2009,2018/10/22
15,67,7301,2024/12/31
15,127,6881,2020/5/30
16,181,5676,2024/2/21
16,10,2435,2020/5/30
16,153,2962,2022/5/23
16,111,3637,2019/2/13
16,160,7860,2023/1/17
17,46,3403,2021/4/1
17,13,4954,2019/8/26
17,11,4450,2019/4/28
17,68,7003,2024/2/3
17,124,9601,2024/4/14
17,126,5751,2018/6/7
17,103,2144,2024/7/19
17,49,5322,2020/6/19
17,205,3773,2024/1/31
17,117,4280,2022/5/18
17,118,5245,2022/9/18
18,87,7924,2020/3/9
18,142,7299,2020/1/4
18,29,9825,2017/12/9
18,67,8404,2024/1/17
18,110,5372,2020/6/20
18,4,3158,2021/3/21
18,114,2692,2018/2/21
18,171,5893,2018/10/15
18,184,5381,2018/8/2
18,50,6978,2016/10/16
18,178,7561,2021/9/30
18,105,4199,2023/12/29
18,38,3750,2019/11/23
18,16,2171,2018/3/16
18,71,5570,2023/2/5
19,159,6852,2020/12/22
19,80,5114,2024/7/30
19,146,8779,2020/9/22
19,119,9644,2022/6/6
19,115,2795,2025/2/24
19,161,1051,2020/2/19
19,88,2459,2024/8/13
19,99,7497,2017/9/17
20,101,3430,2025/8/24
20,160,7656,2022/1/31
20,39,7725,2022/1/7
20,161,1860,2020/12/20
20,66,8316,2024/6/18
20,10,6259,2024/12/2
20,16,4973,2020/1/6
20,147,1634,2021/2/4
20,3,8021,2025/1/26
20,167,2002,2025/3/30
20,197,6654,2026/7/26
20,21,5540,2019/9/30
20,4,6297,2023/9/4
20,28,7504,2023/1/9
21,167,2121,2023/11/21
21,194,3342,2021/1/28
21,161,4519,2025/7/28
21,78,7199,2020/6/30
21,68,1328,2019/4/24
21,65,7127,2018/12/4
21,198,9200,2021/9/11
21,81,7768,2022/12/10
21,197,4708,2026/11/11
21,10,2451,2025/3/23
21,59,3516,2023/8/9
21,191,3424,2022/2/1
21,20,9546,2022/10/11
21,195,2541,2023/5/4
22,65,1356,2018/11/3
22,110,6139,2021/10/6
22,65,5670,2020/3/18
22,166,5658,2020/1/7
22,5,4516,2022/7/6
22,10,9362,2020/11/2
22,195,7823,2023/7/26
22,68,5688,2017/7/21
22,143,4421,2024/8/25
22,175,3271,2019/11/13
22,18,9048,2024/11/16
23,178,1624,2022/7/15
23,159,1798,2021/8/11
23,24,3510,2019/11/30
23,109,5202,2021/9/26
23,169,6680,2022/9/21
23,144,4474,2024/10/31
23,22,5619,2020/10/10
23,42,2778,2022/9/9
23,87,1371,2023/1/1
23,26,8636,2023/4/4
23,68,4553,2017/6/30
24,169,1285,2020/12/31
24,87,8037,2021/8/30
24,73,2978,2020/2/22
24,171,2619,2019/10/17
24,58,1687,2018/3/11
24,101,5350,2021/11/11
24,126,4731,2019/5/27
24,146,3198,2020/10/4
24,22,6682,2025/11/8
24,23,3091,2021/5/1
24,46,9023,2020/8/21
24,203,7727,2022/4/10
24,167,6475,2023/7/5
24,180,3374,2020/5/15
25,108,9858,2021/4/5
25,33,5080,2021/12/13
25,137,8926,2024/2/2
25,76,8500,2025/12/27
25,23,7689,2021/5/31
25,27,9706,2023/12/23
25,147,4135,2021/5/13
25,28,8175,2023/6/25
25,87,5377,2019/7/10
25,157,7714,2021/8/19
25,118,4905,2021/1/4
26,133,7343,2026/11/18
26,33,3579,2021/8/2
26,206,5640,2022/1/4
26,160,3405,2021/7/30
26,189,6371,2019/9/10
26,113,1943,2023/7/13
26,17,1975,2021/11/11
26,88,1634,2025/12/20
26,33,5923,2026/6/6
26,28,4877,2023/10/5
26,187,2469,2020/1/1
27,185,1665,2019/7/28
27,59,6228,2022/4/10
27,103,4624,2019/4/29
27,11,6112,2018/9/29
27,50,4601,2022/5/21
27,83,7863,2025/10/30
27,69,9124,2023/7/31
27,54,1076,2026/12/17
27,27,9692,2021/12/2
27,140,1442,2021/4/3
27,152,7808,2021/7/10
27,21,3022,2019/7/27
27,2,3045,2020/5/20
27,52,3608,2020/1/3
28,111,6770,2019/1/22
28,63,9016,2020/11/24
28,127,1848,2019/3/25
28,25,2017,2017/12/4
28,23,8350,2020/11/3
28,147,3380,2020/6/28
28,104,8608,2022/5/30
28,47,1250,2024/11/9
28,126,5673,2019/2/18
28,101,2716,2024/12/7
28,151,8390,2020/11/26
28,113,4427,2024/11/28
28,125,4472,2024/1/18
28,82,3246,2021/8/25
29,13,7506,2018/4/4
29,86,3053,2018/10/10
29,23,8420,2021/8/12
29,124,9351,2022/2/15
29,27,8820,2022/4/22
29,63,1351,2021/8/12
29,68,7941,2018/8/1
29,42,1905,2022/11/24
29,128,7000,2023/8/20
29,68,5717,2025/8/26
29,179,3812,2019/7/24
30,201,6129,2020/10/3
30,69,1363,2024/6/5
30,22,9847,2023/3/8
30,114,6217,2019/3/24
30,129,8226,2022/11/20
30,166,7938,2024/3/8
30,167,6180,2023/7/15
30,148,2908,2025/12/25
30,38,7123,2020/3/15
30,58,7325,2019/9/25
30,75,2917,2021/12/24
30,43,6283,2024/9/22
30,158,6970,2020/3/25
30,32,7829,2020/1/14
30,123,7480,2025/8/5
31,128,3936,2024/6/10
31,68,8204,2023/12/12
31,67,5493,2025/3/24
31,167,6129,2021/7/30
31,72,5816,2022/6/13
31,146,6607,2020/7/9
31,123,8453,2026/6/19
31,96,6478,2021/1/11
32,30,1422,2019/5/15
32,67,9105,2025/2/3
32,65,5812,2021/8/5
32,61,8501,2020/2/13
32,82,3452,2026/5/21
32,1,5629,2023/12/27
32,116,6641,2021/5/14
32,142,2933,2021/9/16
32,19,3119,2021/4/17
32,15,4123,2020/6/10
32,28,4169,2020/7/15
32,2,2234,2019/4/1
32,172,3697,2024/6/29
33,56,2976,2019/2/17
33,62,4012,2019/2/25
33,145,5547,2024/5/13
33,37,1544,2020/8/9
33,53,4174,2020/12/9
33,81,4508,2025/6/8
33,22,3194,2025/11/30
33,184,7945,2016/11/4
34,66,6095,2019/5/30
34,114,1050,2018/10/11
34,205,1031,2023/8/19
34,23,9427,2022/2/26
34,189,1004,2019/12/11
34,67,6843,2025/1/17
34,161,2278,2020/1/14
34,23,7533,2023/4/6
35,86,8934,2019/8/27
35,37,3993,2021/3/16
35,22,9804,2025/10/21
35,26,5031,2022/12/13
35,125,6565,2025/1/1
35,110,7914,2022/6/16
35,84,4458,2024/1/17
35,54,3517,2024/9/27
35,108,8262,2021/3/21
35,6,8204,2020/4/29
35,63,5431,2021/6/25
35,107,3758,2022/3/22
36,42,6746,2021/12/14
36,174,9226,2023/3/4
36,99,7246,2017/8/5
36,126,5565,2017/11/6
36,11,4722,2018/1/4
36,84,5358,2022/9/30
36,68,6902,2018/12/15
36,157,7060,2020/7/24
37,78,6683,2020/9/7
37,166,3617,2023/2/23
37,5,2616,2022/5/18
37,194,5555,2019/9/23
37,14,1570,2018/7/29
37,29,3231,2017/12/13
37,181,8942,2024/3/19
37,188,1624,2021/11/12
37,123,1781,2025/11/20
38,84,3224,2024/4/24
38,30,3208,2020/9/2
38,146,7132,2019/11/13
38,115,2980,2024/10/30
38,149,6413,2023/7/24
38,108,6918,2020/11/20
38,182,7515,2024/7/13
39,83,3531,2025/1/12
39,169,2251,2023/5/3
39,2,5576,2020/10/6
39,107,4631,2021/12/20
39,100,2618,2021/10/29
39,11,2385,2018/9/3
39,160,5368,2021/10/25
39,87,2517,2020/1/5
39,159,2988,2020/12/26
39,25,9314,2017/11/9
39,60,2734,2024/11/17
39,190,6206,2023/12/24
39,57,9760,2024/2/11
39,109,1460,2022/1/22
39,68,2351,2025/9/3
40,30,4991,2019/5/11
40,148,6863,2024/4/12
40,161,1985,2024/10/4
40,75,6742,2023/6/12
40,152,9338,2022/11/19
40,200,8779,2020/1/16
40,82,9841,2025/12/21
40,66,1614,2025/2/1
40,31,7689,2025/6/24
40,22,7111,2023/7/4
40,19,6116,2021/4/23
40,89,6635,2021/5/2
40,71,5651,2023/6/12
40,18,6129,2023/12/13
40,65,1544,2021/7/23
41,194,2367,2021/8/20
41,15,9554,2019/10/11
41,166,7587,2022/3/30
41,23,6412,2018/9/22
41,104,2126,2022/8/4
42,167,2861,2021/8/7
42,82,4357,2021/12/17
42,204,3590,2022/5/20
42,40,2807,2022/1/10
42,206,6982,2021/12/23
42,122,4536,2018/7/30
42,127,6265,2019/4/28
42,157,6300,2021/5/30
42,170,8015,2017/12/25
42,23,2209,2021/1/18
43,149,3465,2024/1/5
43,33,3034,2020/7/28
43,161,8447,2021/2/18
43,73,8865,2022/8/5
43,54,2664,2024/10/24
43,109,7613,2021/7/14
43,69,5303,2024/7/25
43,23,9987,2020/11/29
43,33,6764,2026/9/27
43,49,8296,2023/3/15
44,141,1851,2022/3/2
44,19,7331,2021/1/2
44,187,3586,2021/8/22
44,146,5162,2019/11/22
44,13,8819,2024/12/4
44,128,4229,2023/12/28
44,16,9066,2021/2/1
44,24,1180,2025/12/6
44,28,7101,2024/10/21
44,204,4170,2022/3/26
44,161,4337,2023/1/14
44,62,1003,2020/8/2
45,18,1895,2022/6/12
45,32,7981,2020/6/18
45,25,8824,2018/8/9
45,19,4092,2022/3/21
45,162,9825,2020/12/5
45,18,1113,2025/10/1
46,130,1122,2019/4/11
46,37,2214,2020/3/12
46,75,8771,2022/2/1
46,21,8140,2019/6/16
46,18,1908,2025/3/23
46,126,1081,2019/11/18
46,120,1238,2022/8/28
46,144,1772,2024/8/28
46,58,6150,2020/6/15
46,22,3233,2025/6/2
46,119,2396,2021/4/27
46,129,6641,2021/12/14
47,10,7566,2024/5/19
47,3,8016,2023/6/22
47,44,3368,2020/11/14
47,68,8665,2017/4/22
47,38,1089,2020/12/28
47,42,8753,2022/3/27
47,135,9377,2018/4/3
47,48,6870,2023/5/19
47,28,7021,2023/11/20
47,54,9728,2023/2/8
47,77,9726,2022/5/22
47,28,3026,2022/12/4
47,82,8789,2026/6/13
47,24,8701,2021/7/17
48,162,7846,2021/2/13
48,68,4435,2017/10/4
48,25,7344,2022/11/13
48,53,8760,2024/9/1
48,102,6042,2017/10/13
49,104,4983,2023/2/12
49,28,6224,2023/1/6
49,26,2420,2024/8/8
49,157,2614,2020/11/14
49,164,7733,2017/4/20
49,145,4939,2024/2/14
49,166,1158,2023/3/13
49,21,4389,2018/10/31
49,19,6302,2021/11/30
49,105,3286,2022/10/26
49,43,2827,2025/1/4
49,27,4692,2021/11/13
49,94,2583,2025/9/27
49,82,7109,2021/6/25
49,85,4040,2017/4/30
50,111,5354,2019/3/12
50,39,3003,2022/4/20
50,3,6914,2023/3/4
50,36,8923,2019/12/16
50,33,4164,2020/10/19
50,128,8321,2024/7/4
50,14,3048,2022/7/25
50,191,4668,2020/9/20
50,82,2876,2026/2/3
50,203,9696,2021/8/31
50,107,4924,2021/6/14
50,170,3780,2019/4/1
50,146,3301,2018/12/2
50,172,7795,2024/1/21
51,87,4109,2023/9/1
51,90,2195,2018/4/4
51,60,4082,2025/2/11
51,120,9236,2023/9/13
51,171,1302,2018/7/25
51,21,3208,2019/7/1
51,114,6893,2019/8/14
51,154,1636,2018/5/16
51,11,2720,2022/12/15
51,80,5629,2025/5/3
52,67,7811,2025/6/21
52,64,3413,2025/1/30
52,14,4365,2022/7/10
52,111,8108,2019/5/11
52,48,4853,2023/7/6
52,28,6500,2021/10/19
53,160,4417,2022/7/2
53,111,2119,2019/10/15
53,11,1785,2019/10/25
53,20,9929,2023/7/22
53,39,6494,2021/8/3
53,11,2853,2023/9/11
54,115,1099,2023/1/15
54,5,9261,2019/6/28
54,68,9783,2018/6/22
54,81,5890,2024/8/30
54,181,6726,2024/5/11
54,174,1346,2020/11/18
54,139,3808,2024/3/16
55,66,2527,2025/8/9
55,83,4933,2025/1/31
55,178,7593,2022/12/23
55,130,7115,2020/9/18
55,139,8976,2024/1/20
55,28,8813,2021/10/4
55,197,1624,2024/6/4
55,68,8895,2017/11/22
55,19,2712,2022/5/11
55,73,5493,2020/3/23
56,93,7023,2023/4/22
56,187,8930,2022/2/4
56,199,7143,2024/5/2
56,18,5822,2024/1/6
56,18,7460,2025/5/24
56,171,7309,2019/4/29
56,86,3917,2020/7/20
56,181,4795,2023/11/29
56,125,4839,2025/6/12
56,82,7407,2025/6/30
56,168,3566,2019/3/4
56,23,8092,2022/3/6
56,85,1754,2017/6/23
57,52,4349,2020/2/29
57,88,9289,2024/1/22
57,170,7301,2018/11/23
57,45,4454,2025/1/5
57,171,2573,2019/7/28
57,31,4798,2024/12/17
57,28,6581,2024/5/31
57,113,8362,2024/3/23
57,23,8451,2016/9/23
57,27,9880,2023/1/7
57,195,2919,2024/7/28
57,161,1056,2024/12/3
58,70,9402,2021/11/16
58,127,9878,2018/10/30
58,161,5747,2020/8/8
58,167,2788,2023/12/12
58,158,6132,2020/5/24
58,30,2217,2019/7/2
58,105,9900,2022/2/18
58,59,9267,2023/3/6
58,97,4031,2018/6/17
58,7,7693,2018/1/10
58,22,8896,2020/12/20
58,65,9371,2020/6/21
58,155,7680,2020/8/5
59,163,9660,2021/12/30
59,135,2799,2019/2/3
59,82,2203,2025/1/21
59,189,1897,2020/1/17
59,47,2639,2026/12/2
60,91,5429,2023/4/6
60,22,1046,2025/6/1
60,170,6414,2018/5/12
60,21,9274,2020/8/3
60,189,6289,2020/8/16
60,127,4296,2020/2/22
60,128,3733,2023/11/23
60,26,5956,2022/7/16
60,109,3355,2020/4/14
60,7,1061,2018/12/19
60,67,2460,2023/8/22
60,157,6723,2019/12/17
60,101,8312,2026/8/3
61,24,7832,2024/12/14
61,199,7364,2024/9/13
61,166,1869,2021/11/19
61,80,2055,2023/2/11
61,127,8867,2018/5/23
61,44,3584,2022/1/8
61,107,9645,2021/9/18
61,125,1353,2021/4/18
61,203,4981,2021/4/29
61,6,8895,2021/4/14
61,177,6869,2025/9/6
61,186,8825,2025/5/17
61,183,3562,2023/2/6
61,60,5792,2022/5/9
62,161,7198,2023/7/21
62,23,4660,2022/4/20
62,118,3700,2021/6/2
62,59,2890,2022/2/24
62,114,3213,2020/2/1
62,48,5548,2021/4/24
62,146,2390,2020/6/23
62,128,2684,2024/3/22
62,190,8312,2025/3/3
62,8,6569,2018/12/3
62,27,1649,2023/12/13
62,45,7606,2024/12/9
63,199,7253,2025/1/18
63,83,4009,2026/1/25
63,16,3534,2019/7/2
63,125,9340,2023/3/10
63,12,9159,2019/8/23
64,67,9347,2025/3/30
64,147,5792,2021/5/18
64,144,4643,2025/5/21
64,203,3335,2020/9/11
64,5,4277,2021/6/27
64,60,8311,2024/10/31
64,25,1109,2022/11/30
64,167,8688,2025/6/6
64,114,1524,2018/4/12
64,62,8973,2020/8/17
64,167,2803,2025/9/3
64,161,9865,2021/12/1
64,125,4175,2024/1/10
65,61,5145,2021/2/28
65,54,6112,2026/9/12
65,109,1358,2021/12/11
65,186,9811,2025/5/29
65,170,2012,2018/9/15
65,173,2569,2023/6/1
65,23,4638,2023/2/19
65,20,6628,2022/3/27
65,131,4171,2021/3/19
66,84,6757,2023/7/6
66,8,2846,2019/12/27
66,182,1090,2024/3/25
66,166,3750,2022/10/12
66,168,8626,2017/10/24
66,9,5139,2021/4/8
66,117,2021,2020/7/8
66,26,3967,2021/1/10
66,202,5773,2021/3/21
66,102,1770,2019/10/5
66,87,7159,2022/4/2
67,85,7446,2018/6/13
67,32,2983,2023/7/1
67,206,8119,2022/1/12
67,81,1647,2025/3/24
67,159,9486,2021/4/14
67,35,5977,2024/3/30
67,86,7994,2019/11/22
67,2,5144,2019/11/27
68,101,3958,2024/8/29
68,194,9314,2021/6/4
68,57,5547,2023/4/15
68,167,3255,2025/11/9
68,18,9794,2023/10/11
68,84,4569,2023/11/4
68,98,5550,2023/2/10
68,24,4285,2021/10/12
68,198,1353,2021/4/26
69,153,8096,2020/7/23
69,96,1051,2023/2/10
69,117,6063,2022/3/14
69,68,1706,2025/12/12
69,140,3197,2021/8/18
69,54,1481,2023/10/5
69,89,4030,2019/2/23
69,161,5572,2020/3/22
69,114,6643,2018/5/28
69,26,5923,2023/6/14
69,167,8679,2022/4/18
69,193,2368,2024/11/4
70,10,7849,2021/6/7
70,164,3515,2018/8/18
70,33,8253,2027/3/4
70,122,9003,2019/6/26
70,23,7265,2021/11/18
70,179,1455,2019/3/17
70,119,5585,2022/2/27
70,78,4332,2018/11/7
70,199,3686,2026/2/10
70,84,4188,2025/3/31
70,154,1251,2017/5/3
70,196,7381,2022/9/25
70,49,5129,2022/2/4
70,99,9989,2017/5/18
71,44,2052,2021/11/11
71,139,2636,2024/8/26
71,16,4888,2019/10/7
71,81,6290,2025/6/14
71,102,6431,2017/10/24
72,87,4448,2020/7/21
72,59,2514,2022/4/10
72,57,8554,2023/2/28
72,86,6569,2019/9/18
72,103,2935,2019/5/4
72,87,5690,2024/1/31
72,33,6337,2021/6/14
72,98,2175,2021/11/22
72,184,9085,2018/5/18
72,143,3467,2022/5/12
73,120,9471,2021/10/12
73,21,4029,2019/3/31
73,4,4929,2020/8/1
73,5,8155,2021/10/20
73,93,7660,2023/4/22
74,120,1786,2022/6/7
74,107,9528,2020/5/17
74,131,6051,2021/10/15
74,65,6154,2021/2/6
74,97,5953,2016/11/26
74,51,4541,2018/12/22
75,151,1846,2021/1/25
75,83,3337,2025/10/11
75,113,9604,2024/5/11
75,116,5059,2021/3/8
75,195,2043,2025/5/25
75,96,6278,2020/10/13
75,2,2667,2019/11/25
75,168,9685,2017/7/4
75,139,7254,2023/3/10
75,79,2651,2018/1/3
75,125,9279,2020/3/14
75,125,2430,2025/3/8
75,189,3592,2020/11/24
76,2,5666,2020/6/8
76,39,9500,2020/8/21
76,185,7613,2019/5/7
76,29,3477,2019/1/8
76,88,7026,2024/8/17
76,125,8229,2020/11/28
77,87,7809,2020/9/6
77,74,8939,2016/11/16
77,95,3668,2021/7/8
77,10,6336,2022/3/4
77,53,3943,2019/12/5
77,167,5750,2021/12/17
77,178,5673,2021/4/13
77,148,9660,2024/12/30
78,5,5129,2020/11/1
78,6,5618,2021/1/16
78,185,2953,2019/11/27
78,154,6966,2018/4/7
78,137,5319,2022/12/22
78,103,1061,2023/5/8
79,205,9521,2023/1/25
79,30,5981,2021/1/8
79,176,5966,2024/7/12
79,64,6696,2025/1/15
79,47,7065,2026/10/11
79,32,3738,2019/7/23
79,200,7487,2020/11/13
79,144,6897,2025/11/26
79,112,8423,2017/8/9
79,89,2453,2020/4/29
80,164,3926,2018/3/24
80,50,7068,2025/4/27
80,118,6824,2020/12/5
80,23,8188,2022/6/5
80,177,8578,2026/3/28
80,61,2254,2021/8/19
80,16,7702,2018/1/16
80,86,5271,2019/5/17
80,125,6286,2023/9/24
80,101,1190,2025/6/15
80,7,5543,2018/11/7
80,29,8240,2024/3/26
80,60,7496,2021/7/30
81,82,8821,2025/2/6
81,28,9498,2021/6/19
81,57,2554,2021/6/22
81,49,4449,2021/1/10
81,65,3623,2018/10/12
81,16,6679,2020/10/5
81,83,1174,2025/11/14
81,33,6399,2025/7/15
81,138,7617,2019/12/10
81,40,4449,2020/8/14
81,109,9950,2020/11/26
81,115,9260,2018/7/29
81,58,9533,2020/8/16
81,16,2625,2019/8/25
82,150,9434,2024/4/5
82,125,6263,2020/2/13
82,167,5241,2025/6/3
82,173,1184,2022/12/5
82,96,2125,2021/11/18
83,154,7059,2016/11/14
83,31,3538,2017/6/24
83,195,5480,2024/3/2
83,134,3081,2024/10/30
83,115,4107,2019/3/17
83,74,4625,2018/1/22
83,41,4786,2021/4/23
83,97,2290,2016/12/13
83,14,3962,2023/4/1
84,156,4873,2026/6/6
84,109,9879,2020/6/7
84,9,1761,2022/3/27
84,96,3358,2021/1/14
84,82,7768,2022/10/13
84,35,8767,2024/2/6
84,85,7203,2017/10/6
84,51,2125,2019/7/12
84,77,7914,2020/5/13
84,5,8894,2020/11/15
85,167,1799,2022/8/26
85,81,7735,2024/5/25
85,189,6554,2019/12/10
85,128,1435,2023/8/1
85,65,8490,2020/2/26
85,146,4888,2018/12/10
85,145,2994,2019/10/29
85,54,6843,2025/4/29
85,7,8309,2018/10/27
85,37,8763,2020/11/16
85,142,2808,2020/8/2
85,124,9287,2023/5/21
85,103,8523,2019/7/2
85,180,4148,2020/11/11
85,175,9680,2020/9/8
86,68,1898,2017/5/27
86,25,7550,2021/10/25
86,17,6633,2019/11/13
86,23,2947,2017/3/3
86,170,2355,2018/8/23
86,29,9407,2023/4/9
86,50,5869,2020/10/17
86,26,6897,2021/6/6
86,25,6423,2017/8/7
86,74,1001,2017/11/13
86,200,5403,2021/1/6
86,166,9794,2024/4/2
86,35,7336,2023/4/6
86,155,9487,2019/10/11
87,167,9796,2022/10/29
87,174,7303,2022/6/8
87,59,7816,2022/8/1
87,29,9921,2019/1/2
87,181,1038,2023/11/16
87,81,9746,2026/1/11
87,98,3845,2021/6/25
87,23,5430,2016/8/30
87,137,6184,2023/1/29
87,1,7173,2024/8/14
87,74,3804,2018/12/29
88,3,7003,2025/3/7
88,174,9202,2022/5/4
88,31,1055,2018/7/24
88,122,9837,2020/1/6
88,133,9157,2025/11/21
88,45,9591,2024/7/17
88,140,4003,2023/10/1
88,42,9529,2020/10/31
88,184,7422,2017/3/4
88,187,9920,2020/6/27
88,206,7433,2021/5/28
88,28,5105,2024/1/5
88,25,1330,2021/9/14
89,156,9889,2025/2/10
89,155,4791,2020/8/19
89,191,5221,2022/6/30
89,60,4654,2025/11/20
89,50,3921,2023/1/5
89,57,8670,2024/2/14
89,16,4124,2019/8/24
90,154,8855,2018/7/31
90,198,5107,2023/1/18
90,33,7879,2026/4/5
90,36,9374,2019/4/29
90,27,2644,2023/7/20
90,44,9400,2022/12/5
90,167,6684,2021/9/19
90,26,1525,2022/9/15
90,93,9912,2021/11/9
90,203,2903,2022/9/12
90,179,3741,2021/5/16
90,15,1449,2020/5/10
90,149,6606,2023/11/4
90,24,7230,2025/1/25
90,52,8997,2019/9/1
91,37,5868,2021/7/19
91,14,4406,2023/11/5
91,31,8204,2024/11/2
91,42,9619,2022/3/9
91,32,1065,2020/1/11
91,22,6417,2023/11/18
91,5,4991,2021/1/30
91,60,4159,2024/11/1
91,171,8930,2019/8/29
91,53,2380,2023/12/18
91,159,6985,2022/11/22
91,187,8480,2021/8/5
91,156,7118,2025/5/11
92,152,3516,2021/2/1
92,203,6904,2021/10/1
92,187,3209,2020/1/7
92,155,9093,2019/2/26
92,36,1205,2018/12/9
92,120,6693,2023/8/6
92,172,8457,2025/6/19
93,146,9676,2020/5/9
93,10,8884,2022/4/12
93,16,3487,2019/1/27
93,2,7528,2020/4/20
93,128,2193,2024/2/8
93,145,8339,2025/3/25
93,185,9724,2020/3/3
93,78,1389,2019/2/2
93,5,3027,2019/6/15
93,15,3823,2020/8/8
94,44,8191,2021/12/12
94,82,4708,2024/7/14
94,87,2827,2022/4/4
94,143,8667,2023/3/13
94,146,2382,2019/3/11
94,101,1252,2026/10/31
94,84,5619,2025/4/27
94,71,5060,2023/11/29
95,167,8196,2025/9/19
95,69,5049,2024/2/12
95,68,2597,2017/8/28
95,115,6942,2024/1/16
95,196,8029,2021/5/2
95,111,9838,2018/8/9
95,105,7138,2022/5/26
96,82,7608,2025/2/26
96,30,3852,2021/1/6
96,54,9582,2023/9/12
96,30,5438,2020/8/9
96,24,3459,2025/4/6
96,125,1522,2024/6/7
96,189,8308,2020/7/6
96,142,5339,2020/1/8
96,41,7270,2021/9/9
97,101,9714,2024/8/5
97,97,4746,2018/9/8
97,37,3788,2020/9/9
97,1,4194,2023/7/23
97,74,3710,2019/3/3
97,83,3911,2024/12/27
97,43,8498,2024/11/14
97,82,6660,2025/8/5
97,23,3290,2017/8/28
97,108,6125,2019/6/6
97,47,4244,2025/7/14
97,50,6333,2022/11/9
97,10,9857,2022/3/1
98,39,7944,2020/9/30
98,66,2793,2026/4/22
98,110,8285,2022/6/26
98,99,7785,2017/5/21
98,28,2557,2023/7/2
98,89,1962,2020/8/7
98,136,9142,2017/11/29
98,23,6824,2018/3/8
98,200,8089,2019/10/4
98,82,1223,2026/6/28
98,129,1739,2022/2/1
98,187,2430,2020/12/23
98,92,6241,2023/4/26
99,19,7355,2023/3/30
99,193,2405,2023/12/10
99,7,9253,2018/6/27
99,169,4208,2021/3/3
99,157,4262,2021/10/5
99,27,2541,2024/5/26
99,81,3703,2024/8/22
99,101,4045,2025/8/19
99,146,3765,2019/5/6
99,151,3682,2022/12/27
99,77,1756,2022/9/25
99,185,6221,2019/5/14
100,196,9055,2022/12/23
100,69,9085,2024/6/27
100,30,5836,2019/8/4
100,49,5155,2020/11/16
100,39,1927,2021/11/26
100,127,7534,2020/10/3
100,85,1623,2017/3/24
100,83,1232,2024/2/26
100,81,4486,2023/6/23
100,123,6747,2024/11/5
73,196,5047,2024/5/18
73,72,1666,2023/11/12
73,10,2468,2023/8/14
73,127,3307,2023/6/25
73,150,3352,2023/12/15
73,39,1355,2024/4/11
73,38,1851,2024/2/23
79,38,1851,2024/4/5
73,136,4771,2024/7/29
73,106,1802,2024/8/24
73,82,45,2024/5/5
73,75,2071,2023/4/13
73,53,336,2023/10/17
73,188,2001,2024/11/27
73,19,3927,2023/3/3
74,25,68,2024/8/22
74,3,1255,2022/8/25
74,159,2199,2024/12/7
85,159,2199,2024/4/6
74,24,96,2022/8/24
74,112,1460,2023/9/14
74,18,3665,2024/12/25
74,142,3390,2022/10/26
74,112,1451,2021/12/23
74,150,3337,2022/4/14
74,52,609,2022/11/20
74,7,2871,2023/8/1
74,193,921,2024/1/13
74,173,3459,2022/10/28
75,14,1285,2021/4/12
75,10,2501,2023/1/3
75,19,5163,2021/12/28
98,19,5163,2016/4/4
75,31,91,2021/7/19
75,114,1575,2021/6/16
75,23,720,2021/3/11
75,140,2147,2024/6/22
75,43,2742,2021/2/15
75,117,4984,2022/5/3
80,117,4984,2023/11/14
82,117,4984,2023/12/9
75,189,2268,2024/8/21
75,199,4260,2023/10/15
75,87,1747,2022/3/11
75,82,23,2024/6/25
75,60,975,2021/4/20
76,77,4204,2024/12/16
76,23,2436,2024/12/7
76,41,1886,2024/12/8
76,18,3660,2024/12/17
76,6,4590,2024/12/17
76,54,4695,2024/12/22
76,68,4462,2024/12/7
76,90,443,2024/12/26
76,9,3722,2024/12/29
76,145,1004,2024/12/14
76,102,3199,2024/12/6
76,58,3433,2024/12/11
77,54,4697,2024/3/31
98,54,4697,2024/8/6
77,82,557,2023/2/22
77,160,4339,2024/7/14
77,5,4557,2022/8/26
77,163,1182,2022/12/23
77,29,1883,2024/3/15
77,48,2766,2023/10/23
77,54,286,2024/1/22
77,48,2770,2024/10/29
77,161,5171,2023/10/2
77,22,938,2023/3/1
77,50,4077,2023/5/27
77,23,2370,2022/11/25
77,95,3759,2022/8/12
77,128,4829,2023/8/14
77,23,2382,2022/12/29
83,23,2382,2021/6/21
77,96,4315,2024/11/21
78,28,410,2021/3/1
78,42,4137,2023/6/5
78,199,4263,2021/11/24
78,202,4229,2024/10/19
78,144,5015,2021/1/31
78,181,2351,2023/3/12
78,120,1494,2022/5/5
78,69,2851,2024/9/24
78,109,4431,2021/9/2
78,20,3897,2024/10/8
79,6,4606,2024/8/17
79,157,2680,2024/2/21
79,11,3530,2024/6/12
79,183,2296,2024/1/19
79,199,4262,2024/2/14
79,53,3244,2023/11/21
79,167,530,2023/11/9
79,72,1671,2024/1/22
79,120,1496,2024/11/21
79,177,3207,2024/10/12
79,112,1457,2024/8/11
79,154,2228,2024/3/11
80,35,4667,2023/6/4
80,154,2224,2023/6/10
93,154,2224,2018/12/12
80,4,1040,2023/3/21
80,55,508,2023/10/7
80,88,3958,2024/4/3
80,30,189,2024/10/21
80,35,4676,2024/1/27
80,174,667,2024/8/30
80,166,2255,2024/1/17
81,167,533,2021/7/18
81,31,79,2020/4/17
87,31,79,2023/10/16
81,125,1060,2019/5/27
81,126,3836,2022/10/3
89,126,3836,2021/6/16
81,97,3102,2022/11/22
98,97,3102,2019/4/2
81,21,4936,2019/11/11
81,206,2898,2023/3/11
81,56,2514,2023/4/20
81,172,1985,2017/12/26
81,131,4279,2022/10/13
81,167,2983,2021/10/11
81,98,887,2018/6/20
81,42,4133,2018/9/23
81,66,1688,2022/1/5
81,192,4481,2022/8/23
81,87,2082,2018/3/2
81,157,2664,2022/2/2
81,141,5212,2018/3/29
81,23,2374,2023/2/19
81,202,4227,2019/6/17
82,87,2181,2024/3/9
82,144,5002,2024/10/8
82,66,600,2024/8/10
82,193,932,2024/6/29
82,30,173,2023/11/18
82,203,2284,2024/8/10
82,2,1839,2024/8/7
82,37,3578,2024/9/17
82,7,2883,2024/4/29
82,105,4061,2024/4/7
82,95,3761,2024/6/10
83,70,3038,2022/3/20
83,111,2683,2022/5/26
83,85,1637,2019/4/2
83,79,4103,2020/2/8
83,83,3638,2020/9/13
83,14,1932,2021/3/10
83,202,4225,2020/4/14
83,62,3875,2023/10/27
83,26,127,2022/7/20
83,56,2529,2019/3/25
83,72,1665,2023/7/14
95,72,1665,2020/11/14
83,191,3080,2019/12/18
83,167,547,2024/8/2
83,8,3504,2022/5/22
83,103,1202,2019/9/21
83,172,1982,2020/8/27
83,82,568,2023/11/14
84,93,5142,2017/12/30
84,125,1328,2024/4/11
84,161,5174,2021/4/23
84,113,2210,2024/1/30
84,80,223,2022/2/14
84,200,1733,2018/10/8
84,67,4619,2019/8/14
84,157,632,2024/3/19
84,61,4174,2023/2/28
84,180,4803,2017/10/3
84,67,4629,2024/1/28
84,191,3088,2021/1/21
92,191,3088,2019/11/23
84,62,3885,2017/7/14
84,50,2645,2018/4/5
92,50,2645,2021/2/4
84,11,3523,2019/11/19
100,11,3523,2021/7/22
85,59,1624,2023/9/29
85,82,7,2022/5/15
85,192,4480,2024/1/10
85,7,2878,2024/7/3
85,125,1126,2023/1/16
85,22,470,2022/9/1
85,15,2780,2022/4/22
85,190,3289,2024/6/15
85,159,2183,2022/4/16
96,159,2183,2017/8/20
85,65,2958,2024/1/22
85,115,2136,2022/11/23
85,103,1913,2023/3/9
85,98,906,2024/4/25
85,69,2854,2024/9/20
85,183,2302,2022/7/1
85,122,2326,2023/1/2
85,146,1151,2024/9/5
86,160,4341,2022/9/21
86,124,3316,2023/3/14
86,55,496,2022/8/3
90,55,496,2023/4/5
86,101,4949,2022/9/17
86,52,613,2024/7/26
86,6,4592,2024/11/20
86,32,202,2022/10/21
86,122,2324,2024/10/22
86,65,1778,2022/6/10
86,43,2743,2022/8/26
86,97,3107,2022/10/5
86,161,2541,2024/1/20
86,18,3666,2024/8/8
86,192,4473,2023/2/3
86,116,4839,2023/4/15
86,8,3496,2024/5/4
86,75,2074,2023/7/16
87,63,3258,2024/11/25
87,107,5236,2023/5/29
87,160,4346,2024/3/29
87,50,2643,2022/9/30
87,124,3324,2022/7/15
87,97,3094,2024/4/14
93,97,3094,2021/10/20
87,203,2282,2024/4/17
87,115,3933,2024/5/21
87,18,3044,2022/7/9
87,14,1299,2024/7/1
87,90,452,2023/6/13
88,11,3524,2021/1/5
88,108,4394,2022/6/27
88,103,1206,2024/3/11
88,52,616,2023/6/2
88,97,3117,2022/9/27
88,186,3624,2024/2/10
88,63,3264,2021/8/7
88,66,1708,2022/4/26
88,8,3498,2024/3/2
88,204,5071,2022/2/25
88,162,2591,2021/2/18
93,162,2591,2023/5/11
88,89,3438,2024/10/30
88,138,876,2020/11/10
88,10,2471,2021/1/4
89,41,1893,2023/7/27
89,106,1790,2020/2/8
90,106,1790,2024/7/22
89,90,433,2021/1/14
89,31,219,2022/9/25
89,28,413,2020/12/21
89,202,4230,2019/2/19
89,94,3386,2021/5/10
89,25,762,2020/12/18
89,138,867,2022/8/12
89,160,4337,2024/4/3
89,87,2169,2019/8/11
89,22,472,2019/11/9
89,96,4304,2018/10/12
89,72,1677,2019/9/1
90,72,1677,2023/4/12
89,7,2869,2021/10/27
89,75,2076,2019/8/22
89,6,4599,2019/11/18
90,59,3795,2024/10/12
90,17,778,2024/4/23
90,87,2160,2022/3/25
90,164,4008,2024/8/1
90,164,3996,2024/7/5
90,18,3042,2022/5/30
90,35,4689,2024/3/7
90,205,3153,2023/10/20
90,41,1901,2021/12/26
90,26,129,2022/3/21
90,24,251,2024/3/7
91,101,4862,2024/6/26
91,58,3422,2024/4/17
91,180,4795,2024/5/23
91,111,2700,2024/11/10
91,2,1263,2024/10/27
91,119,918,2022/8/17
91,50,984,2022/10/10
91,134,2920,2024/10/2
91,14,1931,2024/1/12
91,52,611,2022/11/15
91,136,4782,2022/10/31
91,199,4257,2023/9/14
91,116,4848,2022/11/24
92,55,499,2023/1/29
92,104,3742,2023/3/7
92,8,3492,2020/12/21
92,87,2176,2019/7/15
92,146,1150,2024/2/23
92,1,4521,2023/12/20
92,68,5103,2019/10/18
92,148,4761,2018/7/7
92,81,357,2020/8/21
92,113,2207,2023/12/21
92,8,3489,2022/3/27
92,83,3653,2022/4/7
92,31,77,2023/5/27
92,3,1400,2019/2/25
92,22,462,2021/6/26
93,52,4496,2024/9/20
93,101,4024,2019/8/4
93,87,1737,2020/3/14
93,131,4285,2022/3/7
93,87,2085,2018/5/3
93,75,2058,2022/4/29
93,109,4419,2021/6/13
93,8,3501,2019/9/4
93,147,1607,2022/8/25
93,106,1797,2021/5/30
93,42,4121,2020/5/28
93,97,3097,2017/12/21
93,135,3017,2021/2/3
93,5,3065,2021/4/16
94,43,2751,2025/1/13
94,13,3674,2025/1/13
94,12,2421,2025/1/13
94,81,353,2025/1/13
94,31,83,2025/1/13
94,138,878,2025/1/13
94,27,486,2025/1/13
94,71,1368,2025/1/13
94,6,4604,2025/1/13
94,19,5152,2025/1/13
94,51,1069,2025/1/13
94,181,2349,2025/1/13
94,145,1028,2025/1/13
94,136,4790,2025/1/13
94,5,3069,2025/1/13
94,188,1998,2025/1/13
94,48,2771,2025/1/13
94,36,1232,2025/1/13
94,132,2456,2025/1/13
94,193,922,2025/1/13
95,125,1054,2024/3/18
95,81,300,2021/5/29
95,41,1896,2022/9/21
95,81,303,2021/7/18
95,42,1161,2023/7/2
95,64,1586,2024/5/9
95,98,889,2024/5/30
95,6,4588,2020/3/26
95,68,4464,2024/2/24
95,42,4113,2023/6/2
95,72,1680,2021/2/20
95,140,2150,2023/7/17
95,33,729,2024/6/25
96,176,5066,2020/2/26
96,108,4371,2023/8/2
96,11,3525,2024/4/18
96,74,1315,2021/6/1
96,17,774,2020/12/14
96,124,3327,2016/3/26
96,63,3271,2022/3/20
96,47,4581,2023/4/4
96,17,795,2022/2/18
96,76,2624,2024/11/13
96,66,599,2024/2/7
96,161,2537,2021/12/27
96,105,4041,2023/7/2
96,59,1630,2017/12/9
97,150,3336,2023/2/20
97,108,4396,2023/1/2
97,169,3588,2023/11/1
97,33,733,2022/9/4
97,115,3937,2022/12/14
97,197,3555,2024/9/30
97,5,4546,2022/2/22
97,93,5129,2022/5/7
100,93,5129,2022/11/28
97,26,157,2022/2/23
97,60,969,2024/8/9
97,180,4801,2022/6/27
97,117,4982,2023/7/28
98,49,1556,2019/3/21
98,154,2237,2023/9/17
98,99,4959,2023/9/24
98,30,175,2021/5/27
98,101,4860,2021/2/24
98,10,2472,2018/1/21
98,40,4195,2016/9/14
98,157,635,2021/4/15
98,187,1719,2017/7/14
98,27,483,2022/2/6
98,16,1517,2019/11/27
98,62,3882,2024/11/22
98,10,2496,2017/5/22
98,37,3566,2023/6/6
98,56,2523,2022/3/2
98,48,2763,2024/12/12
99,154,2225,2024/10/27
99,81,365,2024/5/11
99,88,3971,2023/12/29
99,97,3112,2020/6/2
99,169,3593,2021/11/8
99,14,1934,2021/8/8
99,42,4128,2017/9/15
99,167,2984,2023/7/4
99,86,1542,2022/11/21
99,29,1876,2021/3/2
99,53,318,2017/2/3
99,28,4907,2024/11/16
99,155,3129,2023/5/19
99,21,4930,2024/10/12
99,97,3095,2022/11/23
99,73,2910,2020/6/17
99,63,3257,2021/1/23
99,165,2935,2018/6/4
99,59,3800,2023/5/17
99,176,5067,2022/10/25
100,88,3981,2019/6/24
100,108,4374,2019/10/31
100,18,3053,2022/6/10
100,167,540,2022/1/14
100,30,185,2021/12/7
100,163,1183,2023/10/15
100,104,3747,2020/11/26
100,184,2045,2022/4/26
100,146,114,2024/6/6
100,118,4362,2023/5/11
100,161,5181,2024/4/11
100,10,2466,2024/9/7
100,29,1881,2023/2/2
100,64,1593,2024/4/19
100,33,1319,2023/1/7
100,142,3396,2022/12/24
1,18,3047,2021/3/12
1,23,9987,2022/9/1
1,24,96,2023/11/21
1,50,987,2021/12/25
1,54,2664,2022/11/13
1,60,2566,2023/4/26
1,100,4510,2023/7/31
1,105,4039,2022/2/3
1,107,5234,2021/11/20
1,181,2352,2021/12/12
1,202,4239,2023/12/2
2,59,1628,2023/11/25
2,83,4933,2022/11/5
2,140,2143,2020/9/27
2,142,3397,2024/1/29
2,169,3592,2023/8/11
2,203,2903,2020/9/27
3,5,4269,2021/5/21
3,12,2411,2023/6/23
3,23,2379,2023/12/24
3,28,2578,2022/5/28
3,33,5923,2021/2/8
3,41,1891,2021/3/9
3,46,1974,2022/2/17
3,47,4581,2023/3/12
3,60,963,2023/4/10
3,65,2970,2021/5/11
3,97,3097,2021/7/31
3,137,855,2022/2/5
3,145,1013,2021/7/29
3,191,3087,2020/10/7
4,26,152,2022/3/26
4,31,215,2022/10/12
4,35,4675,2021/7/6
4,62,3888,2021/5/26
4,86,8934,2023/4/29
4,101,4013,2024/1/3
4,116,4850,2021/8/7
4,152,4710,2023/10/27
4,198,4535,2022/3/27
4,206,8119,2023/9/6
5,19,5169,2021/8/22
5,25,755,2020/8/31
5,34,2842,2021/12/9
5,122,2325,2022/5/7
5,159,2202,2022/2/17
5,167,2986,2023/2/6
6,8,3503,2020/6/3
6,26,159,2022/3/28
6,125,1330,2023/9/30
6,173,3460,2020/5/18
6,181,2353,2023/1/17
6,186,3631,2020/12/24
7,5,4564,2022/9/27
7,18,3356,2020/12/4
7,29,1865,2022/7/17
7,46,1963,2021/11/24
7,69,1363,2023/2/24
7,102,3196,2023/2/3
7,125,4839,2023/3/25
7,146,109,2023/1/13
7,177,3209,2023/3/10
8,16,7702,2022/7/8
8,40,4193,2022/8/7
8,59,3795,2021/10/26
8,69,5049,2021/11/18
8,83,3650,2023/1/3
8,101,5350,2023/1/8
8,105,4043,2023/7/29
8,111,2686,2022/9/28
8,134,2926,2021/8/21
8,163,1177,2020/11/6
8,166,4728,2021/6/29
8,188,2002,2021/11/19
8,198,4531,2023/1/7
9,11,2713,2022/1/24
9,22,469,2020/4/13
9,34,2840,2020/7/17
9,48,4853,2023/5/12
9,67,2833,2020/11/3
9,79,4098,2023/9/26
9,108,8262,2023/12/16
9,114,1580,2023/2/15
9,129,2997,2021/7/20
9,139,8976,2022/1/13
9,150,3354,2023/2/13
9,163,1185,2022/7/23
9,170,4409,2022/3/28
9,199,4251,2023/5/14
10,11,2721,2021/11/3
10,16,4973,2022/5/8
10,28,2557,2021/12/29
10,48,4853,2022/1/16
10,163,1183,2022/5/22
10,168,4209,2021/12/17
11,25,1330,2021/3/22
11,32,7829,2022/5/31
11,49,656,2023/12/10
11,54,4697,2023/8/21
11,67,2836,2024/1/24
11,74,1306,2022/1/7
11,75,2073,2023/8/18
11,106,1801,2022/1/5
11,146,124,2024/1/2
11,166,4729,2021/4/23
11,176,5062,2022/4/8
11,203,2285,2020/6/30
12,2,1265,2021/2/9
12,10,2505,2021/1/6
12,28,409,2023/1/19
12,57,5547,2020/6/6
12,82,550,2021/4/29
12,117,4991,2023/1/28
12,125,1347,2021/2/14
12,164,4001,2023/4/11
12,179,4812,2020/9/8
13,10,2481,2023/7/21
13,45,1097,2021/1/21
13,57,4664,2020/7/29
13,65,1770,2022/3/26
13,146,1142,2023/8/23
13,159,2196,2023/2/11
14,2,1277,2020/11/23
14,38,3750,2023/3/5
14,42,4121,2023/5/12
14,96,6278,2023/10/17
14,165,2957,2021/10/7
15,5,4264,2021/1/11
15,8,3495,2021/1/18
15,25,71,2020/10/31
15,31,222,2020/9/30
15,61,4163,2020/12/16
15,67,4623,2023/9/18
15,88,3964,2021/3/3
15,110,4879,2022/1/19
15,127,3294,2022/11/1
15,175,2815,2021/8/10
16,10,2501,2022/4/17
16,111,6770,2022/10/6
16,153,4153,2023/7/21
16,160,5368,2021/12/21
16,181,2358,2022/10/2
17,11,2729,2020/9/30
17,13,3687,2023/5/24
17,46,1966,2020/12/14
17,49,648,2021/6/19
17,68,4465,2023/2/8
17,103,1195,2021/8/3
17,117,4995,2023/9/4
17,118,4348,2021/12/25
17,124,9287,2021/6/6
17,126,3854,2022/4/22
17,205,3164,2022/7/26
18,4,1385,2020/10/23
18,16,1511,2022/5/12
18,29,3477,2020/8/24
18,38,1089,2020/9/13
18,50,996,2023/2/17
18,67,4625,2022/11/5
18,71,1366,2022/3/7
18,87,2077,2020/11/25
18,105,4038,2022/8/3
18,110,4868,2022/8/25
18,114,1524,2022/11/12
18,142,3391,2021/12/7
18,171,2029,2020/11/13
18,178,4919,2023/3/12
18,184,2045,2023/1/22
19,80,239,2023/4/20
19,88,3967,2020/7/7
19,99,4961,2020/8/26
19,115,3954,2021/12/10
19,119,912,2020/6/14
19,146,2876,2022/11/29
19,159,2192,2021/3/6
19,161,4337,2021/11/27
20,3,1238,2021/5/19
20,4,1395,2024/1/8
20,10,2468,2021/12/7
20,16,1511,2021/2/1
20,21,9274,2021/6/28
20,28,4905,2022/7/8
20,39,1352,2021/6/25
20,66,1688,2021/3/5
20,101,2716,2022/5/6
20,147,1606,2022/12/19
20,160,4334,2022/11/22
20,161,4519,2022/4/16
20,167,535,2023/6/23
20,197,3552,2021/9/15
21,10,2466,2021/9/22
21,20,3912,2020/7/6
21,59,1628,2024/1/7
21,65,5812,2021/12/15
21,68,4460,2022/6/15
21,78,4438,2022/8/22
21,81,305,2022/4/14
21,161,4337,2020/6/25
21,167,2803,2020/7/7
21,191,3088,2024/1/22
21,194,1766,2021/6/29
21,195,5190,2023/1/26
21,197,3551,2021/3/17
21,198,4533,2021/7/24
22,5,9261,2023/11/27
22,10,2497,2022/4/2
22,18,3052,2021/4/11
22,65,1784,2020/10/30
22,68,5105,2023/8/23
22,110,4867,2020/7/30
22,143,3226,2023/8/5
22,166,1869,2022/5/28
22,175,2804,2023/10/15
22,195,5194,2022/1/1
23,22,945,2022/10/31
23,24,6711,2023/9/11
23,26,160,2021/5/29
23,42,4116,2021/5/26
23,68,6902,2022/7/21
23,87,2166,2023/7/21
23,109,4414,2021/7/3
23,144,5007,2022/12/6
23,159,2193,2020/7/9
23,169,3612,2020/7/26
23,178,4913,2022/3/31
24,22,939,2023/12/12
24,23,1485,2023/5/19
24,46,1957,2021/5/4
24,58,3428,2021/8/21
24,73,2905,2022/5/5
24,87,1751,2022/9/30
24,101,4945,2023/5/16
24,126,3855,2021/3/4
24,146,113,2022/3/11
24,167,1050,2021/6/10
24,169,3599,2021/5/24
24,171,2032,2023/10/31
24,180,4803,2022/6/30
24,203,2286,2021/6/3
25,23,2372,2023/5/24
25,27,1820,2022/4/25
25,28,2580,2023/12/27
25,33,735,2022/2/22
25,76,2622,2022/4/11
25,87,1737,2023/1/9
25,108,6918,2022/3/29
25,118,4351,2021/5/1
25,137,860,2021/11/25
25,147,1606,2021/8/5
25,157,2614,2022/3/25
26,17,787,2020/7/19
26,28,382,2022/4/29
26,33,1320,2021/9/5
26,88,3961,2021/3/30
26,113,2214,2023/4/11
26,133,3175,2021/1/29
26,160,5368,2022/8/21
26,187,1713,2021/10/19
26,189,1004,2023/2/27
26,206,6982,2023/9/28
27,2,7340,2021/5/26
27,11,2719,2023/7/3
27,21,4927,2022/2/16
27,27,9706,2021/8/20
27,50,2651,2021/9/25
27,52,621,2021/8/6
27,54,4700,2020/7/28
27,59,3795,2023/10/29
27,69,2862,2022/11/21
27,83,690,2023/4/19
27,103,1197,2022/3/12
27,140,2140,2021/3/25
27,152,4707,2022/8/3
27,185,1442,2022/4/4
28,23,714,2023/3/7
28,25,761,2022/12/27
28,47,4567,2022/8/10
28,63,3266,2022/2/17
28,82,571,2023/1/21
28,101,4945,2021/3/12
28,104,3744,2022/11/4
28,111,8108,2022/7/27
28,113,9604,2021/9/29
28,125,1057,2023/12/3
28,126,3845,2023/10/30
28,127,3295,2023/12/26
28,147,3711,2020/5/23
28,151,4895,2022/6/5
29,13,3690,2020/8/28
29,23,2372,2023/11/18
29,27,2644,2023/4/23
29,42,1167,2021/9/30
29,63,3265,2023/10/20
29,68,4444,2022/1/21
29,86,3917,2021/6/17
29,124,3310,2020/7/7
29,128,2193,2021/12/29
29,179,4822,2022/12/7
30,22,477,2021/6/2
30,32,2983,2021/9/25
30,38,1857,2023/11/4
30,43,2761,2022/7/22
30,58,3432,2023/11/26
30,69,6783,2020/9/15
30,75,2063,2023/12/29
30,114,1050,2021/10/1
30,123,1526,2024/1/11
30,129,3006,2020/11/14
30,148,4746,2021/7/23
30,158,3511,2020/9/5
30,166,4741,2023/8/29
30,167,9796,2022/6/25
30,201,2391,2021/2/11
31,67,4636,2023/11/30
31,68,6902,2022/9/5
31,72,1666,2023/10/29
31,96,4317,2020/9/25
31,123,1529,2022/1/6
31,128,8321,2022/9/12
31,146,1154,2023/7/5
31,167,2985,2023/5/4
32,1,4516,2023/2/5
32,2,1268,2022/11/12
32,15,2775,2021/5/17
32,19,4092,2023/6/4
32,28,6500,2023/3/5
32,30,5438,2020/10/19
32,61,4157,2022/9/14
32,65,2967,2020/7/9
32,67,2460,2023/10/16
32,82,46,2021/12/4
32,116,5059,2022/12/10
32,142,3404,2022/2/4
32,172,1994,2022/3/7
33,22,467,2022/9/18
33,37,3561,2021/12/8
33,53,3249,2023/7/18
33,56,2513,2022/8/20
33,62,3886,2023/11/23
33,81,291,2022/8/2
33,145,1022,2022/3/20
33,184,9085,2022/6/30
34,23,1475,2022/5/16
34,66,1694,2022/1/13
34,67,5493,2021/8/31
34,114,1576,2023/4/26
34,161,2546,2023/9/19
34,189,2274,2020/8/11
34,205,3773,2021/5/10
35,6,4601,2023/10/21
35,22,940,2022/6/29
35,26,8636,2020/11/10
35,37,3561,2023/4/27
35,54,4704,2023/4/3
35,63,3266,2022/4/4
35,84,3224,2020/9/18
35,86,1536,2021/10/31
35,107,5231,2023/10/28
35,108,4379,2022/9/20
35,110,4885,2021/1/5
35,125,1337,2021/5/11
36,11,3535,2020/10/15
36,42,4138,2021/2/20
36,68,5101,2023/3/14
36,84,38,2020/5/2
36,99,4961,2020/5/15
36,126,3840,2020/9/9
36,157,633,2020/4/15
36,174,679,2022/6/2
37,5,4562,2022/10/23
37,14,1285,2023/8/12
37,29,591,2023/5/10
37,78,4434,2024/1/29
37,123,1529,2022/4/30
37,166,4728,2024/1/24
37,181,2351,2021/5/28
37,188,2018,2023/8/23
37,194,1769,2020/12/9
38,30,181,2022/8/10
38,84,4569,2022/5/22
38,108,4374,2023/8/25
38,115,3947,2022/1/16
38,146,3557,2021/2/14
38,149,3781,2023/12/16
38,182,5031,2023/12/1
39,2,7528,2022/5/11
39,11,3533,2020/5/12
39,25,756,2021/1/12
39,57,4649,2022/12/24
39,60,2562,2022/8/13
39,68,4455,2022/7/11
39,83,693,2022/4/5
39,87,2174,2022/12/21
39,100,4509,2022/11/6
39,107,5231,2022/12/16
39,109,4421,2021/6/29
39,159,2192,2021/2/6
39,160,4334,2021/10/23
39,169,3595,2023/7/27
39,190,3282,2023/7/18
40,18,3047,2022/8/21
40,19,3925,2023/4/5
40,22,944,2022/5/18
40,30,195,2023/6/29
40,31,81,2021/1/3
40,65,2971,2021/2/25
40,66,601,2021/8/19
40,71,1373,2023/11/22
40,75,2072,2022/6/22
40,82,19,2021/10/22
40,89,3439,2020/5/28
40,148,4761,2020/11/19
40,152,4713,2022/1/15
40,161,2541,2021/1/7
40,200,7487,2022/7/14
41,23,1480,2021/3/13
41,104,3752,2022/8/30
41,166,3750,2022/10/19
41,194,1752,2024/1/29
42,23,2369,2022/2/13
42,40,4184,2021/11/19
42,82,4708,2023/7/30
42,122,2322,2020/10/7
42,127,4296,2023/2/5
42,157,2669,2023/6/26
42,167,535,2021/9/25
42,170,4404,2021/2/22
42,204,5092,2022/11/13
42,206,2898,2022/7/27
43,23,709,2021/10/16
43,33,738,2023/3/8
43,49,659,2020/8/27
43,54,263,2023/12/12
43,69,2858,2020/9/24
43,73,2903,2020/11/6
43,109,4416,2022/1/5
43,149,3784,2020/10/17
43,161,2278,2023/5/28
44,13,3676,2021/3/14
44,16,818,2023/4/21
44,19,4092,2021/12/2
44,24,108,2022/7/7
44,28,395,2023/12/27
44,62,3880,2022/8/24
44,128,4826,2020/7/8
44,141,5221,2021/9/11
44,146,119,2024/1/27
44,161,5572,2021/7/5
44,187,8930,2022/5/14
44,204,5077,2022/11/11
45,18,3039,2022/2/8
45,19,3927,2022/10/28
45,25,70,2020/11/27
45,32,1120,2023/12/26
45,162,2597,2023/1/14
46,18,3665,2020/11/22
46,21,4940,2023/11/21
46,22,473,2023/11/16
46,37,3581,2020/7/7
46,58,9533,2021/2/9
46,75,2067,2023/3/22
46,119,916,2022/1/5
46,120,1494,2020/4/13
46,126,3847,2020/7/24
46,129,3001,2023/2/8
46,130,3826,2023/11/19
46,144,5018,2020/12/24
47,3,1252,2021/3/20
47,10,2489,2021/9/30
47,24,108,2022/8/6
47,28,379,2020/10/13
47,38,1854,2021/11/14
47,42,9529,2022/12/18
47,44,3486,2023/11/10
47,48,5548,2021/10/16
47,54,1076,2023/1/15
47,68,5110,2023/8/15
47,77,4198,2022/6/5
47,82,6660,2022/9/21
47,135,3024,2021/1/21
48,25,770,2021/4/8
48,53,319,2023/11/30
48,68,8204,2023/2/24
48,102,3202,2023/2/24
48,162,2597,2020/9/28
49,19,5151,2021/5/28
49,21,4928,2021/2/4
49,26,1525,2022/1/21
49,27,1814,2023/9/5
49,28,411,2023/9/19
49,43,2760,2022/11/18
49,82,9,2023/8/9
49,85,1651,2021/9/22
49,94,3389,2023/8/22
49,104,8608,2021/7/28
49,105,4058,2021/12/20
49,145,1011,2023/5/13
49,157,645,2023/2/5
49,164,3999,2023/7/25
49,166,3750,2020/4/20
50,3,1405,2023/2/17
50,14,1298,2024/2/6
50,33,742,2022/10/14
50,36,1212,2021/11/10
50,39,1355,2020/4/15
50,82,10,2022/7/10
50,107,5228,2021/8/4
50,111,2119,2022/4/22
50,128,4825,2020/10/24
50,146,118,2023/12/1
50,170,4406,2024/2/8
50,172,1986,2023/4/10
50,191,3079,2020/6/23
50,203,2291,2022/11/20
51,11,2925,2023/9/21
51,21,4934,2021/9/20
51,60,967,2022/6/24
51,80,229,2021/6/6
51,87,2178,2023/5/9
51,90,446,2022/12/23
51,114,1571,2021/1/28
51,120,1492,2020/7/21
51,154,2247,2020/11/7
51,171,2031,2021/4/3
52,28,416,2022/10/27
52,48,6870,2022/3/25
52,64,1583,2021/5/27
52,67,6843,2020/6/19
52,111,3637,2020/4/16
53,11,2711,2021/7/6
53,20,3901,2023/3/7
53,39,3003,2021/2/24
53,111,8108,2022/5/8
53,160,7860,2023/1/22
54,5,4556,2023/5/15
54,68,5115,2021/7/9
54,81,362,2023/1/27
54,115,3953,2021/12/7
54,139,2310,2023/2/15
54,174,680,2021/4/17
54,181,2350,2023/2/2
55,19,3119,2023/5/30
55,28,407,2022/5/4
55,66,1692,2023/10/3
55,68,2351,2022/2/22
55,73,2912,2021/10/22
55,83,694,2021/3/17
55,130,3827,2022/11/23
55,139,2312,2023/1/11
55,178,4917,2020/12/27
55,197,3546,2020/9/20
56,18,3370,2023/5/5
56,23,2382,2023/3/14
56,82,2203,2022/11/15
56,85,1656,2022/10/14
56,86,8934,2022/5/3
56,93,5142,2023/9/24
56,125,1344,2023/1/28
56,168,4210,2021/5/1
56,171,2032,2023/8/8
56,181,2352,2020/5/30
56,187,1715,2020/10/11
56,199,3686,2021/9/3
57,23,2439,2024/1/24
57,27,480,2021/1/29
57,28,8813,2022/8/25
57,31,217,2022/4/25
57,45,1096,2021/12/9
57,52,613,2021/6/10
57,88,3979,2022/6/23
57,113,2207,2021/10/31
57,161,2544,2020/9/13
57,170,4404,2023/5/20
57,171,2033,2020/4/15
57,195,5200,2021/10/20
58,7,2887,2021/11/11
58,22,467,2021/10/28
58,30,176,2022/2/7
58,59,3798,2021/10/25
58,65,2966,2022/8/13
58,70,3033,2023/6/6
58,97,3114,2021/3/21
58,105,3286,2022/6/7
58,127,3303,2022/1/2
58,155,3120,2023/2/27
58,158,6970,2021/10/27
58,161,5181,2020/6/17
58,167,2803,2024/1/25
59,47,7065,2020/5/10
59,82,1,2021/12/9
59,135,3016,2023/6/13
59,163,1176,2021/5/9
59,189,2279,2021/2/1
60,7,2868,2023/1/1
60,21,4933,2022/8/1
60,22,943,2020/5/23
60,26,158,2023/5/20
60,67,2831,2021/8/30
60,91,418,2022/2/20
60,101,9714,2020/5/12
60,109,4411,2023/4/17
60,127,3294,2023/5/15
60,128,4832,2023/8/25
60,157,634,2023/8/13
60,170,4401,2020/9/19
60,189,2279,2024/2/4
61,6,4603,2023/8/26
61,24,249,2020/5/7
61,44,8191,2022/4/23
61,60,966,2023/11/5
61,80,231,2020/11/15
61,107,5227,2023/2/3
61,125,1056,2020/5/7
61,127,3290,2020/4/14
61,166,4725,2020/6/22
61,177,3212,2022/4/30
61,183,2298,2023/4/1
61,186,3629,2022/6/9
61,199,4255,2021/6/2
61,203,2290,2022/1/15
62,8,3491,2023/10/22
62,23,2380,2022/10/13
62,27,1821,2023/11/18
62,45,1093,2022/2/1
62,48,2770,2023/1/5
62,59,3796,2021/11/21
62,114,1570,2022/12/28
62,118,4353,2023/8/1
62,128,4825,2020/11/23
62,146,117,2023/3/1
62,161,1051,2022/8/18
62,190,3277,2021/7/5
63,12,2413,2021/12/22
63,16,1517,2021/6/10
63,83,684,2023/2/6
63,125,1335,2023/6/4
63,199,4244,2021/7/31
64,5,4545,2023/12/12
64,25,64,2023/8/12
64,60,964,2023/6/5
64,62,3868,2021/8/27
64,67,4635,2021/8/19
64,114,1569,2020/9/9
64,125,1342,2021/5/22
64,144,4998,2021/6/22
64,147,4135,2023/2/3
64,161,5183,2020/6/1
64,167,543,2023/9/8
64,203,7727,2020/8/5
65,20,3895,2022/8/26
65,23,706,2021/6/13
65,54,4696,2020/4/10
65,61,4161,2023/9/14
65,109,4412,2022/3/1
65,131,4297,2022/10/27
65,170,4402,2022/5/6
65,173,3453,2022/11/14
65,186,3621,2020/5/7
66,8,3504,2022/3/3
66,9,3718,2022/7/25
66,26,2420,2020/6/17
66,84,35,2021/6/19
66,87,2163,2021/4/8
66,102,6042,2023/12/24
66,117,4992,2023/8/23
66,166,4734,2024/1/2
66,168,3566,2023/3/25
66,182,5029,2023/3/19
66,202,4240,2021/1/29
67,2,7528,2022/12/12
67,32,1118,2024/1/2
67,35,4683,2022/5/25
67,81,352,2021/12/25
67,85,1652,2023/12/21
67,86,5271,2023/11/25
67,159,2194,2020/5/19
67,206,2889,2020/4/20
68,18,3258,2021/12/4
68,24,3459,2020/12/24
68,57,8670,2020/4/20
68,84,34,2022/5/21
68,98,900,2021/5/11
68,101,4944,2020/11/3
68,167,2987,2021/9/8
68,194,5555,2021/3/31
68,198,4537,2021/2/9
69,26,141,2022/8/18
69,54,285,2021/8/18
69,68,4448,2023/1/24
69,89,3446,2021/11/30
69,96,4332,2021/6/12
69,114,1572,2023/10/23
69,117,4992,2020/7/19
69,140,2145,2021/4/2
69,153,4149,2023/7/23
69,161,2535,2023/9/6
69,167,2981,2022/11/19
69,193,932,2021/3/9
70,10,2502,2023/12/16
70,23,714,2021/9/26
70,33,730,2021/8/19
70,49,1563,2022/9/29
70,78,7199,2021/7/1
70,84,5358,2020/7/26
70,99,7497,2020/10/14
70,119,911,2022/1/25
70,122,2337,2020/5/2
70,154,2246,2021/7/15
70,164,3995,2023/3/25
70,179,4822,2023/6/19
70,196,5041,2022/11/24
70,199,9541,2021/10/9
71,16,801,2024/1/28
71,44,3487,2020/8/27
71,81,9746,2021/11/9
71,102,3204,2021/9/24
71,139,2310,2022/7/22
72,33,740,2021/6/12
72,57,4648,2021/4/25
72,59,3797,2023/7/31
72,86,1539,2021/1/13
72,87,2156,2021/1/24
72,98,896,2020/8/29
72,103,1195,2022/6/28
72,143,3231,2022/9/9
72,184,5381,2021/8/30
73,4,1031,2022/7/11
73,5,3073,2021/12/9
73,10,2500,2021/2/16
73,19,5160,2020/10/27
73,21,9274,2022/9/7
73,38,1857,2023/2/10
73,39,7725,2023/4/2
73,53,318,2024/1/19
73,72,1664,2021/5/24
73,75,9151,2023/3/26
73,82,564,2022/8/17
73,93,9912,2023/3/3
73,106,1806,2020/5/17
73,120,1499,2023/11/18
73,127,3302,2022/8/7
73,136,9142,2020/12/22
73,150,3345,2021/10/30
73,188,1998,2021/7/27
73,196,5054,2021/5/14
74,3,1240,2021/2/12
74,7,2878,2020/6/9
74,18,3363,2023/8/13
74,24,107,2020/12/2
74,25,765,2023/10/6
74,51,1076,2021/10/4
74,52,4498,2022/3/22
74,65,2960,2021/10/30
74,97,3111,2023/3/7
74,107,5234,2023/12/28
74,112,1459,2021/5/23
74,120,1497,2020/6/17
74,131,4293,2020/5/3
74,142,3402,2023/5/27
74,150,3340,2022/12/20
74,159,2198,2023/10/7
74,173,1184,2020/5/18
74,193,936,2021/10/14
75,2,1826,2021/3/17
75,10,2509,2021/1/18
75,14,4365,2020/10/20
75,19,3917,2020/12/5
75,23,2369,2022/7/17
75,31,89,2021/4/24
75,43,2827,2022/5/28
75,60,2560,2024/2/6
75,79,4094,2023/11/28
75,82,2876,2022/10/12
75,83,702,2020/9/2
75,87,2095,2023/11/17
75,96,4329,2021/5/7
75,113,2209,2021/6/29
75,114,1571,2022/7/2
75,116,4841,2022/8/31
75,117,4995,2023/1/13
75,125,1055,2022/4/18
75,139,2315,2021/4/18
75,140,2154,2022/8/15
75,151,4899,2021/7/31
75,168,8626,2020/8/11
75,189,2266,2023/8/28
75,195,5207,2021/4/10
75,199,4251,2022/7/31
76,2,1827,2023/11/11
76,9,3736,2020/10/21
76,18,3664,2021/12/28
76,23,8451,2023/12/16
76,29,1877,2023/6/13
76,39,1352,2020/7/3
76,41,1888,2023/1/6
76,54,284,2021/10/6
76,58,3427,2022/10/31
76,68,4445,2020/9/21
76,77,4205,2022/8/7
76,88,3981,2021/12/24
76,90,448,2021/5/8
76,102,3203,2021/5/22
76,125,1522,2022/8/6
76,145,1018,2022/3/2
76,185,1437,2021/4/24
77,5,4277,2021/12/14
77,10,2467,2023/4/16
77,22,6682,2021/5/27
77,23,2445,2020/8/9
77,29,3231,2021/10/13
77,48,6870,2022/10/9
77,50,4086,2020/6/9
77,53,8760,2020/11/25
77,54,285,2022/3/11
77,74,8289,2022/2/19
77,82,20,2022/6/20
77,87,1745,2020/10/26
77,95,3773,2021/10/27
77,96,4318,2024/2/3
77,128,2193,2023/8/21
77,148,4750,2023/5/25
77,160,4336,2023/8/26
77,161,2538,2021/5/1
77,163,1175,2022/2/4
77,167,540,2022/4/16
77,178,4914,2020/9/17
78,5,3069,2020/9/10
78,6,4598,2020/5/6
78,20,3901,2021/3/20
78,28,4901,2021/12/2
78,42,1170,2020/6/14
78,69,2853,2023/8/2
78,103,1916,2021/7/14
78,109,3355,2020/12/11
78,120,6693,2023/3/10
78,137,859,2021/12/31
78,144,5003,2022/8/31
78,154,1636,2023/9/22
78,181,2341,2023/12/4
78,185,1436,2023/6/19
78,199,4245,2022/7/7
78,202,4232,2020/9/10
79,6,4613,2022/8/2
79,11,4450,2021/12/7
79,30,197,2022/10/12
79,32,7981,2023/4/9
79,38,1840,2020/9/21
79,47,4576,2021/2/17
79,53,3238,2023/8/30
79,64,1583,2020/9/16
79,72,1684,2020/6/18
79,89,1962,2024/2/2
79,112,1456,2022/12/26
79,120,1487,2024/1/23
79,144,5000,2022/10/11
79,154,2233,2023/7/12
79,157,2663,2020/6/13
79,167,6129,2022/3/10
79,176,5066,2022/4/2
79,177,3214,2021/1/31
79,183,2298,2023/9/21
79,199,4247,2023/8/2
79,200,1727,2023/4/23
79,205,3158,2020/11/25
80,4,1034,2021/6/15
80,7,2870,2022/4/14
80,16,815,2023/2/5
80,23,7265,2021/9/5
80,29,582,2021/4/25
80,30,344,2023/11/19
80,35,4681,2022/8/11
80,50,4062,2021/10/7
80,55,515,2023/9/8
80,60,969,2022/8/26
80,61,4156,2022/8/31
80,86,1535,2020/8/7
80,88,3969,2024/1/3
80,101,4020,2023/5/15
80,117,4994,2020/12/20
80,118,4351,2022/3/12
80,125,1130,2022/6/3
80,154,2230,2023/10/12
80,164,4004,2022/2/8
80,166,2262,2023/5/16
80,174,9226,2020/8/27
80,177,3214,2023/8/21
81,16,1516,2023/5/13
81,21,4928,2021/4/6
81,23,719,2021/3/18
81,28,2585,2022/1/10
81,31,7391,2022/3/8
81,33,8253,2021/12/6
81,40,4193,2022/3/6
81,42,1158,2023/5/31
81,49,658,2023/5/27
81,56,2529,2021/9/14
81,57,4663,2024/1/26
81,58,3427,2020/6/3
81,65,2961,2021/3/11
81,66,1710,2021/2/5
81,82,8789,2021/4/15
81,83,682,2021/3/8
81,87,1750,2022/12/9
81,97,5953,2020/6/14
81,98,894,2023/9/7
81,109,4415,2021/1/22
81,115,4107,2023/4/14
81,125,1343,2022/4/29
81,126,3848,2023/7/7
81,131,4283,2021/4/23
81,138,871,2022/2/18
81,141,5222,2021/12/3
81,157,2679,2021/10/27
81,167,538,2020/7/8
81,172,1989,2022/8/19
81,192,4474,2021/10/4
81,202,4236,2020/6/18
81,206,5640,2021/2/2
82,2,1278,2023/1/21
82,7,9253,2021/6/2
82,30,176,2023/8/5
82,37,3573,2021/8/4
82,66,1699,2020/4/20
82,87,2088,2023/8/31
82,95,3769,2020/12/9
82,96,4326,2022/11/4
82,105,4041,2022/8/8
82,117,4979,2021/5/1
82,125,1132,2022/6/24
82,144,5000,2021/2/2
82,150,3343,2022/3/29
82,167,538,2022/7/15
82,173,3453,2021/8/20
82,193,922,2021/11/10
82,203,2282,2022/6/7
83,8,3498,2022/1/18
83,14,1303,2022/12/9
83,23,709,2022/7/23
83,26,5956,2020/12/12
83,31,218,2021/7/17
83,41,1886,2020/8/5
83,56,2520,2023/9/16
83,62,3881,2020/9/23
83,70,3029,2020/8/21
83,72,1675,2022/10/27
83,74,3804,2023/5/26
83,79,4109,2023/5/30
83,82,2203,2022/1/9
83,83,1232,2022/8/22
83,85,1646,2023/8/30
83,97,3117,2022/11/9
83,103,1924,2020/6/19
83,111,5354,2020/9/10
83,115,2133,2022/7/13
83,134,2917,2023/11/1
83,154,2224,2023/2/26
83,167,2988,2022/8/7
83,172,1977,2020/12/28
83,191,3081,2020/12/22
83,195,7823,2020/11/18
83,202,4232,2020/5/12
84,5,3061,2020/9/23
84,9,3733,2020/7/27
84,11,3539,2021/4/13
84,35,7336,2023/4/11
84,50,4067,2023/12/20
84,51,2107,2021/5/13
84,61,4161,2023/10/25
84,62,3881,2020/10/10
84,67,4621,2022/3/18
84,77,4207,2022/10/17
84,80,226,2020/4/23
84,82,23,2023/8/1
84,85,1637,2021/2/15
84,93,5127,2022/6/13
84,96,4310,2020/5/22
84,109,4429,2022/8/4
84,113,9604,2020/11/20
84,125,1126,2022/2/2
84,156,3464,2021/1/10
84,157,2668,2021/1/30
84,161,2542,2020/7/6
84,180,4799,2022/12/10
84,191,5221,2021/2/12
84,200,1728,2021/11/5
85,7,2867,2021/5/14
85,15,2801,2021/3/4
85,22,461,2020/8/15
85,37,3559,2021/12/28
85,54,4703,2021/10/13
85,59,1623,2020/6/3
85,65,1772,2022/9/29
85,69,9124,2023/9/2
85,81,7768,2020/8/25
85,82,46,2023/12/24
85,98,905,2021/2/7
85,103,1910,2022/2/4
32,1,4526,2022/8/5
32,1,4523,2022/10/31
32,1,4515,2021/11/5
97,1,4519,2022/3/2
97,1,5629,2023/7/31
32,2,7528,2020/4/26
32,2,1826,2023/2/12
93,2,1838,2022/6/27
93,2,1265,2024/2/6
93,2,1830,2023/12/9
82,2,1830,2023/12/22
82,2,1838,2023/12/22
82,2,1833,2022/10/1
20,3,1242,2022/8/15
20,3,1249,2022/5/2
20,3,1253,2020/7/1
74,3,6914,2021/5/10
74,3,1242,2022/11/20
74,3,1405,2021/8/16
74,3,1236,2024/1/30
88,3,1260,2023/2/21
88,3,1420,2023/8/29
88,3,1243,2020/5/8
18,4,6297,2024/1/27
18,4,1390,2021/8/15
18,4,1040,2022/1/30
20,4,3158,2021/4/30
20,4,1377,2022/10/26
20,4,1034,2022/11/12
20,4,1376,2021/4/16
84,5,5129,2021/9/24
84,5,4545,2023/5/21
84,5,3064,2023/1/3
97,5,3072,2022/9/12
97,5,4541,2023/2/2
94,6,4594,2022/6/26
94,6,4589,2021/9/14
94,6,4610,2023/1/1
94,6,4587,2020/10/24
94,6,4608,2022/10/8
89,6,4610,2023/2/5
89,6,4611,2023/8/13
89,6,4593,2021/2/25
89,6,8204,2020/12/30
76,6,4588,2021/11/30
76,6,4600,2022/12/27
76,6,4589,2024/1/31
76,6,4591,2021/1/4
74,7,2869,2021/1/23
74,7,2865,2021/3/1
74,7,2866,2023/4/22
89,7,2886,2021/8/25
89,7,2864,2022/12/9
60,7,2864,2023/7/6
60,7,2887,2023/4/7
88,8,3492,2023/5/15
88,8,3490,2020/8/28
6,8,3505,2023/12/22
6,8,3506,2022/12/5
6,8,6569,2022/10/9
76,9,3731,2020/10/19
76,9,3726,2021/12/24
76,9,3723,2022/9/30
76,9,3740,2022/8/12
66,9,3725,2022/9/30
66,9,3728,2021/7/20
66,9,3731,2020/4/19
66,9,3733,2024/1/7
66,9,3735,2021/6/26
84,9,3740,2021/9/18
84,9,3717,2022/9/5
84,9,3727,2021/8/3
13,10,2486,2022/9/22
13,10,2484,2022/8/8
13,10,2475,2020/6/5
13,10,6259,2021/11/7
13,10,2490,2021/8/6
93,10,1783,2021/6/23
93,10,2477,2020/11/4
96,11,2720,2023/1/3
96,11,3527,2022/4/24
53,11,3543,2023/6/10
53,11,2725,2021/12/5
94,12,2397,2022/8/9
94,12,2416,2023/11/18
94,12,9159,2022/9/16
94,12,2405,2021/2/5
63,12,2409,2021/10/17
63,12,2410,2023/6/29
63,12,2405,2020/11/22
63,12,2399,2020/9/3
63,12,2407,2021/9/7
3,12,2404,2021/10/25
3,12,2399,2022/8/1
3,12,2422,2023/9/30
3,12,9159,2020/5/3
44,13,3691,2020/6/13
44,13,3688,2021/7/28
44,13,3684,2022/1/18
44,13,3681,2021/7/29
94,13,2430,2022/11/16
94,13,3672,2022/9/21
94,13,2424,2022/12/23
94,13,2429,2022/7/20
37,14,1288,2020/10/23
37,14,1938,2021/8/18
52,14,1930,2022/9/25
52,14,1936,2023/4/18
52,14,1285,2020/6/12
52,14,3048,2023/10/23
52,14,1302,2023/6/13
85,15,4123,2020/11/10
85,15,3823,2021/1/12
85,15,2783,2022/7/1
85,15,2782,2022/7/5
85,15,2787,2022/8/6
41,15,3823,2022/6/16
41,15,2779,2023/5/23
41,15,4123,2020/5/1
81,16,814,2020/5/27
81,16,1503,2021/8/21
81,16,1509,2023/9/15
98,16,3487,2022/10/2
98,16,805,2023/4/25
98,16,1516,2020/7/20
98,16,804,2022/10/11
96,17,840,2020/8/23
96,17,832,2022/1/21
96,17,841,2020/10/3
96,17,822,2023/12/20
96,17,838,2021/12/6
90,17,771,2023/2/18
90,17,795,2022/11/3
90,17,772,2020/7/12
90,17,841,2021/12/21
90,17,827,2021/11/2
86,17,795,2023/5/21
86,17,776,2020/6/22
86,17,829,2021/6/6
86,17,786,2023/10/29
40,18,3662,2023/10/9
40,18,3671,2021/6/17
40,18,3663,2023/11/4
40,18,3046,2020/10/5
40,18,3369,2022/2/16
74,18,3042,2020/10/18
74,18,3660,2021/1/26
74,18,3670,2022/1/24
74,18,3654,2023/7/26
74,18,3048,2021/11/9
5,19,5148,2021/3/23
5,19,5164,2023/5/22
5,19,5155,2021/4/12
55,19,3929,2021/6/14
55,19,3921,2020/8/4
55,19,5148,2021/6/29
55,19,5160,2021/1/23
55,19,5161,2021/3/5
21,20,3906,2022/3/7
21,20,3898,2023/9/4
21,20,3899,2023/3/14
21,20,3911,2022/6/13
65,20,3898,2020/10/30
65,20,3893,2023/10/4
27,21,4932,2022/3/29
27,21,8140,2021/8/22
27,21,4929,2023/10/18
20,21,4936,2021/6/9
20,21,4933,2021/9/10
46,21,4936,2020/4/28
46,21,4927,2021/10/22
46,21,4935,2020/10/1
77,22,945,2020/8/12
77,22,943,2021/10/24
77,22,939,2023/2/26
30,22,3233,2021/2/20
30,22,951,2022/12/31
30,22,946,2020/10/5
46,22,953,2023/8/31
46,22,472,2022/4/13
46,22,4192,2020/7/9
46,22,8896,2020/7/5
70,23,710,2023/10/28
70,23,2377,2023/10/20
70,23,713,2020/6/8
70,23,716,2022/6/21
70,23,3091,2021/4/13
83,23,7265,2024/1/31
83,23,2374,2024/1/9
83,23,5339,2020/10/5
28,23,6412,2022/4/12
28,23,709,2021/10/1
28,23,2383,2022/4/1
23,24,1180,2021/6/22
23,24,250,2022/1/1
23,24,256,2021/5/5
47,24,252,2020/11/9
47,24,7832,2022/12/27
47,24,99,2023/11/27
47,24,95,2022/1/6
68,24,260,2021/9/9
68,24,98,2020/6/22
5,25,73,2023/8/29
5,25,71,2023/12/11
5,25,61,2023/12/29
5,25,64,2022/11/7
45,25,759,2020/7/20
45,25,60,2023/9/26
74,25,8824,2020/4/15
74,25,64,2023/2/9
74,25,7344,2022/4/4
74,25,762,2020/12/24
74,25,751,2020/7/26
35,26,168,2021/12/14
35,26,142,2022/5/8
6,26,135,2023/8/30
6,26,166,2024/2/2
94,27,1816,2022/12/1
94,27,493,2022/8/15
94,27,1814,2022/9/30
94,27,2644,2023/7/9
94,27,1812,2021/6/8
49,27,485,2022/12/23
49,27,487,2020/6/12
62,27,483,2020/5/9
62,27,487,2021/4/5
62,27,488,2023/2/10
62,27,486,2023/1/27
62,27,1823,2021/10/29
78,28,7101,2022/10/14
78,28,4904,2020/9/19
81,28,2576,2023/9/2
81,28,4911,2021/8/24
81,28,8813,2020/12/26
47,28,391,2023/11/6
47,28,4904,2022/7/3
47,28,372,2022/7/23
47,28,6500,2020/7/8
76,29,580,2021/3/17
76,29,1872,2022/3/11
76,29,1864,2023/4/21
76,29,1878,2020/11/26
76,29,1868,2023/7/13
18,29,583,2022/12/23
18,29,1879,2022/7/3
98,30,4991,2022/9/29
98,30,3208,2023/3/12
98,30,351,2020/10/10
98,30,347,2021/7/11
100,30,3852,2022/1/1
100,30,191,2021/12/22
100,30,347,2020/8/16
100,30,186,2021/4/29
79,30,3852,2023/1/9
79,30,340,2022/4/14
79,30,347,2022/6/9
75,31,213,2023/11/17
75,31,211,2021/7/2
75,31,79,2021/2/18
75,31,94,2020/12/29
75,31,222,2021/9/1
91,31,215,2020/6/13
91,31,93,2023/1/3
91,31,85,2022/4/7
91,31,84,2020/8/12
91,31,213,2023/2/24
79,32,7829,2023/8/23
79,32,199,2021/4/3
79,32,1065,2022/11/26
79,32,201,2023/3/6
79,32,208,2021/10/4
30,32,1113,2020/9/18
90,33,728,2023/8/7
90,33,747,2021/3/9
90,33,739,2021/4/13
43,33,743,2020/12/2
43,33,737,2022/8/8
43,33,748,2022/4/5
43,33,726,2021/6/11
26,33,750,2023/1/31
26,33,744,2020/9/6
26,33,1324,2021/11/28
26,33,746,2022/8/2
26,33,1325,2021/8/8
5,34,5176,2022/1/2
5,34,2847,2021/5/30
5,34,2839,2020/10/16
5,34,2841,2022/10/14
5,34,2843,2021/6/8
9,34,1103,2021/4/23
9,34,2841,2021/4/9
84,35,4685,2024/1/8
84,35,4670,2023/9/13
90,35,4681,2021/2/19
90,35,4684,2022/7/3
80,35,4690,2020/7/16
80,35,5977,2022/10/30
94,36,1222,2022/4/6
94,36,1227,2021/10/26
94,36,1224,2022/6/2
94,36,1225,2021/2/24
94,36,1233,2022/8/30
50,36,1230,2021/12/28
50,36,1213,2023/6/22
92,36,9374,2023/1/15
92,36,1230,2020/5/20
92,36,1225,2023/1/14
92,36,1220,2021/5/9
92,36,1224,2021/9/13
97,37,3557,2021/8/30
97,37,1544,2023/10/14
97,37,3567,2021/8/20
97,37,3565,2023/11/8
91,37,3566,2023/12/10
91,37,3788,2022/8/13
91,37,2214,2022/3/7
82,37,3585,2021/3/17
82,37,3559,2022/4/7
82,37,3571,2021/7/28
82,37,3581,2021/6/24
79,38,1860,2021/6/19
79,38,8225,2022/9/16
79,38,1846,2020/11/21
14,38,1843,2021/9/9
14,38,1856,2023/8/12
14,38,1849,2023/2/7
73,38,1862,2022/10/20
73,38,1863,2020/5/20
73,38,1859,2022/3/28
73,38,7123,2021/5/9
73,38,1853,2023/9/12
50,39,1350,2020/9/28
50,39,1357,2020/6/9
50,39,1351,2020/6/15
50,39,1353,2021/7/27
20,39,1349,2022/6/16
20,39,1357,2023/2/11
20,39,1351,2023/4/30
73,39,1356,2022/6/22
73,39,1353,2020/10/21
73,39,9500,2021/11/9
73,39,3003,2022/2/12
73,39,7944,2023/4/24
8,40,4191,2022/2/17
8,40,4196,2021/9/22
8,40,4187,2020/7/20
8,40,4183,2022/11/17
98,40,4449,2022/6/8
98,40,4181,2020/8/22
95,41,1895,2023/5/28
95,41,3009,2022/12/26
95,41,1889,2023/11/5
76,41,7270,2023/10/24
76,41,1891,2020/6/26
83,41,1893,2023/11/29
83,41,7270,2020/12/23
83,41,1897,2021/6/3
83,41,1898,2023/6/22
83,41,1888,2020/5/3
88,42,1172,2023/6/27
88,42,1160,2023/7/7
88,42,4121,2022/1/12
88,42,1157,2023/6/11
81,42,4119,2022/12/12
81,42,4117,2021/12/19
81,42,1163,2023/6/29
81,42,4132,2020/12/8
91,42,1156,2021/9/25
91,42,3125,2021/5/21
91,42,1166,2023/10/12
49,43,8498,2022/5/15
49,43,2759,2024/1/17
75,43,2745,2023/5/25
75,43,2758,2020/9/22
75,43,2756,2021/12/11
75,43,8498,2023/2/26
86,43,2761,2021/6/16
86,43,2733,2023/4/29
86,43,2749,2023/1/20
86,43,2748,2021/6/18
71,44,3482,2020/9/13
71,44,3480,2020/12/15
94,44,9400,2021/1/2
94,44,2052,2023/8/7
94,44,3368,2021/12/12
94,44,3482,2024/1/5
94,44,3485,2022/4/29
47,44,3485,2023/4/25
47,44,2052,2021/10/9
47,44,8191,2021/9/25
47,44,3482,2020/12/10
47,44,3488,2020/8/31
88,45,4454,2020/8/11
88,45,1087,2023/1/10
88,45,1093,2022/9/29
88,45,1099,2020/8/30
88,45,1098,2023/3/11
13,45,1087,2022/8/17
13,45,1100,2020/10/27
13,45,1096,2020/4/28
13,45,7606,2024/1/11
57,45,1091,2023/10/24
57,45,1095,2021/8/14
57,45,9591,2021/1/30
57,45,1093,2022/8/3
57,45,7606,2020/4/16
7,46,1958,2021/5/21
7,46,3403,2022/11/29
3,46,1971,2020/8/17
3,46,1964,2023/6/15
3,46,1968,2023/2/7
3,46,1972,2022/10/4
3,46,1955,2023/5/14
17,46,1972,2020/6/3
17,46,7748,2023/8/27
17,46,6793,2022/11/8
17,46,1969,2020/9/14
96,47,2639,2021/3/21
96,47,4582,2022/1/30
96,47,4565,2024/1/16
96,47,4244,2023/10/28
79,47,4578,2021/10/7
79,47,4582,2020/8/17
79,47,4244,2021/5/24
79,47,4583,2020/11/24
79,47,4580,2022/12/18
97,47,1250,2021/11/14
97,47,4569,2023/10/27
97,47,4581,2023/2/17
97,47,4571,2023/8/2
97,47,4579,2020/5/15
52,48,2771,2024/2/2
52,48,2764,2020/11/4
52,48,2770,2021/11/7
52,48,4794,2021/9/21
52,48,2769,2024/1/8
9,48,2765,2022/1/31
9,48,2764,2022/3/12
10,48,6870,2022/4/17
10,48,2770,2023/2/15
43,49,660,2023/10/24
43,49,656,2020/6/18
43,49,651,2021/1/30
100,49,659,2021/6/15
100,49,663,2022/8/20
100,49,657,2021/7/26
11,49,652,2021/11/21
11,49,1559,2023/6/7
11,49,1561,2021/2/19
97,50,2652,2023/11/28
97,50,988,2023/4/2
97,50,2639,2022/8/2
97,50,4085,2023/5/31
91,50,2647,2023/1/11
91,50,2632,2021/2/25
74,51,1068,2022/6/12
74,51,2112,2020/11/30
84,51,1077,2020/11/5
84,51,1069,2023/6/22
84,51,1076,2021/5/12
84,51,2109,2022/11/15
84,51,1079,2021/7/18
94,51,1083,2021/10/31
94,51,2109,2024/1/20
94,51,1070,2021/6/5
57,52,4497,2020/7/5
57,52,607,2020/10/28
57,52,612,2022/12/21
57,52,4499,2021/6/8
88,52,612,2023/1/2
88,52,619,2022/4/20
88,52,622,2021/4/22
77,53,324,2021/4/14
77,53,316,2022/9/6
77,53,3235,2020/9/15
99,53,331,2020/9/9
99,53,335,2021/8/27
99,53,3241,2023/10/23
99,53,3240,2023/3/1
99,53,3233,2020/4/11
76,54,267,2022/3/25
76,54,4700,2023/6/17
76,54,1076,2020/9/4
76,54,269,2022/12/8
43,54,277,2022/7/8
43,54,270,2021/3/9
43,54,1481,2022/7/20
43,54,3517,2023/12/4
43,54,276,2021/4/23
92,55,502,2022/11/12
92,55,504,2023/12/9
92,55,498,2021/3/11
92,55,503,2020/11/17
86,55,494,2023/7/24
86,55,511,2023/11/11
86,55,505,2023/8/6
80,55,495,2023/2/23
80,55,510,2022/2/25
33,56,2510,2020/12/23
33,56,2514,2024/1/27
83,56,2523,2023/11/27
83,56,2519,2023/10/9
81,56,2513,2023/4/2
39,57,4653,2021/2/2
39,57,4663,2023/1/10
39,57,4660,2021/9/16
39,57,4654,2023/10/16
12,57,4662,2021/11/21
12,57,8670,2021/9/21
12,57,4642,2020/8/19
68,57,4664,2022/3/26
68,57,4124,2022/5/26
68,57,4642,2020/11/13
68,57,8554,2023/8/28
81,58,3424,2021/1/21
81,58,3428,2024/2/2
81,58,3422,2021/1/6
81,58,3423,2022/1/16
30,58,3430,2021/2/1
30,58,3424,2022/10/7
91,58,3418,2020/9/9
91,58,3436,2023/11/15
91,58,3419,2020/6/9
91,58,3427,2022/9/9
91,58,3420,2021/8/5
96,59,1622,2022/10/7
96,59,3799,2022/5/29
96,59,3807,2023/1/21
96,59,3817,2022/9/15
96,59,6228,2022/2/10
8,59,1635,2021/3/18
8,59,1623,2021/9/30
99,59,1633,2023/9/5
99,59,1623,2020/4/19
99,59,1636,2022/4/21
99,59,3811,2022/7/23
39,60,4082,2021/12/24
39,60,2553,2020/6/22
39,60,2550,2022/7/20
89,60,968,2023/7/7
89,60,2558,2023/10/17
97,60,970,2021/9/23
97,60,2549,2023/11/6
97,60,955,2022/10/8
32,61,4171,2023/5/6
32,61,4164,2021/4/18
32,61,4169,2022/7/26
32,61,4163,2023/7/28
65,61,2254,2022/5/3
65,61,4160,2020/9/17
98,62,3867,2020/5/24
98,62,3868,2023/3/30
98,62,3874,2020/10/23
98,62,3877,2021/5/2
33,62,3870,2021/8/27
33,62,7207,2022/5/27
33,62,3874,2023/9/21
33,62,3868,2020/6/17
33,62,3883,2022/6/12
35,63,3260,2022/11/1
35,63,3271,2022/1/13
35,63,3264,2021/11/7
87,63,3265,2024/1/8
87,63,3273,2020/4/12
87,63,3252,2020/8/28
87,63,5431,2022/7/28
87,63,3264,2021/2/19
100,64,1595,2021/10/14
100,64,1589,2021/8/2
100,64,1590,2023/7/13
100,64,6696,2023/8/28
100,64,1591,2021/12/6
79,64,1585,2022/2/22
79,64,1584,2023/8/2
79,64,1590,2020/7/28
79,64,3413,2020/5/6
79,64,1592,2020/4/22
52,64,1594,2023/5/16
3,65,2959,2021/1/13
3,65,2961,2022/5/23
3,65,2965,2022/2/3
3,65,2960,2023/6/9
86,65,1784,2022/12/24
86,65,1773,2020/7/31
86,65,2974,2023/4/28
86,65,1356,2023/10/25
22,65,3623,2023/10/13
22,65,2972,2023/5/30
22,65,2971,2022/1/30
22,65,2969,2020/5/4
34,66,2793,2020/8/18
34,66,603,2024/1/5
34,66,604,2021/8/4
34,66,8316,2023/7/28
20,66,598,2020/9/25
20,66,1704,2022/11/20
60,67,4627,2021/10/6
60,67,4621,2023/10/12
60,67,2834,2022/1/10
60,67,4615,2021/5/26
60,67,5493,2021/2/9
31,67,6843,2024/1/25
31,67,4616,2020/9/8
31,67,4637,2023/12/25
31,67,2832,2023/6/18
31,67,4617,2020/6/22
34,67,4626,2022/9/2
34,67,4624,2021/7/11
34,67,4634,2022/4/18
34,67,4640,2020/12/6
39,68,5111,2022/10/1
39,68,5112,2023/7/14
55,68,4467,2021/4/21
55,68,7003,2021/4/22
55,68,5103,2020/4/27
55,68,4465,2020/4/14
7,69,2852,2022/12/3
7,69,9124,2024/1/19
7,69,2857,2020/6/20
7,69,2859,2022/3/22
27,69,5049,2020/4/20
27,69,2851,2023/9/4
27,69,2852,2021/9/4
27,69,2853,2022/12/27
100,69,5303,2020/12/18
100,69,2860,2021/12/9
100,69,2857,2021/6/27
100,69,2850,2020/8/15
100,69,2861,2023/10/30
83,70,9402,2023/1/31
83,70,3035,2022/4/10
83,70,3032,2023/2/9
58,70,3031,2020/4/28
58,70,3030,2022/9/18
58,70,3032,2022/11/18
94,71,1361,2020/9/28
94,71,1362,2020/11/11
94,71,1360,2022/4/30
18,71,1372,2023/10/22
18,71,1373,2022/10/17
40,71,1365,2021/7/24
40,71,1370,2021/4/27
40,71,1368,2021/11/17
40,71,1359,2022/9/24
40,71,1364,2023/3/17
89,72,1675,2020/6/3
89,72,5816,2022/11/11
73,72,1667,2021/4/22
73,72,1673,2020/11/12
24,73,2910,2020/4/15
24,73,2901,2020/8/12
24,73,2904,2020/5/14
24,73,2902,2021/8/7
55,73,2908,2023/3/25
55,73,2911,2021/10/4
55,73,2906,2020/8/7
55,73,8865,2022/8/13
55,73,2909,2023/5/19
43,73,2910,2020/8/5
43,73,2908,2021/1/10
86,74,3804,2023/4/13
86,74,1308,2022/1/13
83,74,1312,2022/9/3
83,74,1309,2023/8/9
83,74,1306,2023/8/27
83,74,1001,2021/7/28
89,75,2917,2023/2/23
89,75,8771,2021/1/21
11,75,2058,2022/3/20
11,75,2061,2021/8/4
46,75,2075,2021/10/26
46,75,2059,2021/12/4
46,75,2068,2021/11/15
46,75,2074,2023/4/5
25,76,2609,2023/9/29
25,76,2623,2020/11/19
25,76,2617,2021/4/29
25,76,2625,2021/8/2
96,76,2609,2021/10/3
96,76,2606,2022/8/27
96,76,2616,2022/12/11
99,77,4198,2022/11/1
99,77,7914,2021/1/21
84,77,4197,2023/2/10
84,77,4201,2020/7/6
84,77,4208,2021/1/11
84,77,1756,2022/2/24
47,77,4202,2020/11/13
47,77,4205,2020/10/17
47,77,4201,2020/12/11
70,78,4434,2024/1/31
70,78,4440,2022/7/12
70,78,4437,2022/3/14
70,78,1389,2020/4/29
37,78,4435,2023/7/19
37,78,4436,2023/4/1
37,78,4440,2021/4/19
83,79,4105,2022/9/2
83,79,4093,2022/5/12
83,79,9153,2020/7/18
9,79,4108,2023/11/15
9,79,4093,2023/11/23
19,80,233,2022/7/1
19,80,226,2020/12/20
19,80,245,2022/7/9
19,80,228,2021/6/15
84,80,243,2023/10/24
84,80,230,2021/11/1
84,80,225,2021/5/30
51,80,244,2022/3/24
51,80,2055,2020/8/17
21,81,310,2021/4/9
21,81,304,2021/2/14
87,81,368,2021/10/5
87,81,293,2020/9/17
87,81,288,2021/7/26
87,81,294,2020/5/24
87,81,364,2020/7/3
28,82,563,2023/5/14
28,82,5,2021/6/11
28,82,7407,2020/4/26
77,82,46,2023/5/14
77,82,2,2021/4/19
77,82,567,2021/11/30
77,82,24,2022/2/2
77,82,54,2020/11/7
27,83,704,2023/6/4
27,83,1174,2021/11/12
27,83,3639,2024/1/17
27,83,3646,2023/6/22
27,83,3641,2021/9/18
97,83,5263,2023/4/4
97,83,684,2022/2/27
97,83,687,2023/3/20
97,83,698,2022/11/20
66,84,5358,2021/5/11
66,84,34,2021/2/23
66,84,37,2020/7/1
66,84,4569,2022/4/19
35,84,34,2022/3/31
35,84,38,2021/7/30
35,84,41,2023/10/27
49,85,1646,2022/8/19
49,85,1623,2023/8/31
49,85,1638,2020/8/12
49,85,1642,2021/3/26
84,85,4040,2020/7/5
84,85,1643,2020/9/16
84,85,1639,2022/2/26
83,85,1656,2023/5/10
83,85,1642,2021/5/6
83,85,1754,2020/11/5
83,85,1658,2023/7/3
80,86,1534,2022/4/7
80,86,1549,2023/12/11
4,86,1548,2022/10/7
4,86,1539,2021/2/10
82,87,2089,2022/7/18
82,87,1735,2024/1/22
82,87,2090,2022/2/21
72,87,2094,2024/1/1
72,87,2181,2023/12/18
72,87,2172,2022/8/16
72,87,2096,2023/10/19
72,87,2164,2020/7/11
89,87,2083,2020/7/12
89,87,1739,2022/4/9
89,87,2175,2020/5/6
76,88,1634,2020/11/17
76,88,3965,2022/1/22
76,88,3972,2023/12/18
76,88,3974,2022/4/20
99,88,3981,2021/1/26
99,88,3985,2022/8/20
99,88,3986,2021/3/5
80,88,3974,2022/1/11
80,88,7026,2021/4/4
80,88,3977,2020/10/10
80,88,3979,2022/7/22
88,89,3448,2023/5/20
88,89,4030,2020/5/13
88,89,3446,2021/1/2
88,89,3441,2023/2/18
98,89,3446,2022/9/7
98,89,3447,2022/4/20
98,89,3440,2021/11/1
98,89,3437,2022/11/27
51,90,429,2021/11/14
51,90,439,2020/11/24
51,90,452,2020/11/10
51,90,432,2023/2/21
89,90,430,2023/8/10
89,90,442,2022/9/12
89,90,444,2023/10/13
89,90,438,2020/5/21
87,90,442,2020/5/7
87,90,2195,2022/8/7
60,91,420,2021/4/10
60,91,425,2023/9/7
60,91,419,2023/11/5
60,91,421,2020/10/6
98,92,4029,2022/6/13
98,92,4036,2022/4/18
98,92,4034,2022/6/2
98,92,4028,2021/7/31
73,93,5126,2021/3/25
73,93,5129,2020/7/11
73,93,5135,2023/12/31
73,93,5137,2023/2/21
73,93,5145,2020/7/8
56,93,5135,2020/12/21
56,93,5127,2020/6/21
89,94,3380,2023/3/13
89,94,3382,2020/4/19
89,94,3385,2023/7/12
89,94,3375,2022/4/7
49,94,3383,2020/7/4
49,94,3372,2021/12/5
49,94,3384,2020/6/26
49,94,3374,2022/7/14
82,95,3767,2022/10/4
82,95,3757,2021/10/6
82,95,3762,2022/1/22
82,95,3765,2020/11/17
77,95,3770,2020/12/26
77,95,3765,2021/10/30
77,95,3779,2021/1/12
77,95,3767,2021/2/20
82,96,4317,2020/4/19
82,96,4308,2023/11/19
69,96,4305,2021/11/28
69,96,4330,2022/2/8
69,96,7502,2023/12/23
58,97,3117,2020/4/21
58,97,3108,2022/11/6
58,97,3091,2022/7/16
58,97,3107,2020/4/12
58,97,3098,2023/4/27
98,97,3098,2021/5/4
98,97,3103,2022/4/23
98,97,3104,2022/8/2
81,98,2175,2020/10/16
81,98,904,2023/9/25
81,98,884,2022/6/25
81,98,899,2020/10/17
72,98,894,2021/11/2
72,98,889,2023/2/15
72,98,890,2023/4/30
72,98,900,2021/10/4
36,99,4957,2024/1/14
36,99,9989,2024/1/3
36,99,4955,2023/7/6
36,99,4960,2021/6/22
36,99,4954,2020/10/10
98,99,4955,2022/3/25
98,99,4960,2021/11/9
98,99,4957,2023/12/3
1,100,4513,2023/5/6
1,100,4509,2021/5/15
1,100,4503,2021/4/30
39,100,4500,2020/11/10
39,100,4501,2023/6/15
39,100,4503,2021/3/28
39,100,4505,2023/5/15
68,101,4857,2021/5/21
68,101,4858,2023/2/10
86,101,5350,2022/6/25
86,101,4011,2024/2/7
86,101,9714,2021/5/18
86,101,4864,2021/11/22
86,101,4009,2023/4/1
4,101,4010,2020/8/20
4,101,4941,2022/5/18
4,101,3430,2022/10/17
4,101,8312,2022/12/12
4,101,1190,2023/1/15
48,102,3201,2022/12/18
48,102,3195,2020/8/25
48,102,7219,2022/12/6
48,102,3197,2020/10/27
48,102,1770,2023/12/16
7,102,3202,2023/4/1
7,102,6431,2023/12/19
7,102,3189,2020/12/28
7,102,3198,2024/1/23
7,102,3192,2020/7/24
66,102,3194,2023/2/26
66,102,3202,2022/4/12
66,102,3201,2020/5/13
66,102,3191,2022/7/9
17,103,1197,2022/12/14
17,103,1917,2020/9/4
17,103,1921,2022/4/29
72,103,1921,2021/7/11
72,103,1924,2021/9/19
72,103,1906,2023/6/30
72,103,1919,2021/3/24
72,103,1922,2023/8/20
100,104,3746,2021/6/21
100,104,3754,2020/8/5
100,104,3751,2020/4/24
28,104,2126,2021/8/6
28,104,3752,2023/12/4
28,104,3749,2020/12/14
28,104,3753,2021/10/16
28,104,3741,2021/5/27
41,104,3751,2022/6/20
41,104,3755,2023/2/27
41,104,3747,2022/6/14
41,104,8608,2021/3/30
41,104,3748,2020/5/17
1,105,4053,2021/11/18
1,105,4045,2021/2/19
1,105,7839,2022/7/2
1,105,9900,2021/9/2
1,105,7138,2022/6/3
95,105,4057,2022/1/30
95,105,4040,2022/1/1
95,105,4045,2021/3/9
90,106,1811,2023/10/22
90,106,1810,2021/11/26
90,106,1801,2023/4/29
93,106,1796,2021/11/29
93,106,1802,2023/9/14
73,106,1810,2020/5/4
73,106,1795,2021/5/26
50,107,5226,2023/12/28
50,107,5233,2021/1/18
74,107,3758,2022/1/25
74,107,5230,2023/12/16
74,107,5224,2020/10/21
74,107,5235,2020/5/20
96,108,6125,2023/4/7
96,108,4372,2021/6/21
96,108,4382,2021/12/7
96,108,4392,2020/12/3
96,108,4393,2021/8/31
9,108,4390,2022/12/27
9,108,4374,2023/9/10
9,108,4384,2021/1/1
88,108,9858,2020/11/23
88,108,4378,2021/7/1
88,108,4385,2023/9/12
88,108,4370,2023/11/2
84,109,4415,2024/1/23
84,109,9950,2022/1/4
43,109,4431,2021/3/22
43,109,3355,2021/1/18
23,109,4426,2021/3/23
23,109,1358,2021/4/27
35,110,1160,2021/12/23
35,110,4866,2021/12/8
35,110,4868,2022/12/6
35,110,4869,2023/5/28
35,110,4867,2023/4/18
15,110,8285,2022/8/3
15,110,4876,2024/1/25
95,111,2696,2022/8/18
95,111,2693,2023/3/19
95,111,2698,2020/8/11
83,111,2689,2020/9/12
83,111,2695,2020/10/31
83,111,2696,2022/7/13
83,111,3637,2021/10/29
83,111,1992,2023/4/8
79,112,1465,2023/5/27
79,112,1464,2021/6/29
79,112,1452,2021/5/22
74,112,1454,2021/9/14
74,112,1465,2021/9/21
74,112,1453,2021/3/10
75,113,8362,2020/8/30
75,113,1943,2021/12/10
84,113,4427,2022/8/20
84,113,2220,2020/12/6
84,113,2207,2023/11/10
64,114,6643,2021/8/15
64,114,1050,2023/10/21
64,114,1571,2020/9/24
64,114,1575,2023/9/24
34,114,2692,2022/7/15
34,114,1581,2020/11/25
34,114,1572,2023/4/15
85,115,3954,2022/9/11
85,115,2119,2021/12/18
85,115,3945,2022/12/31
85,115,9260,2020/6/17
83,115,2127,2023/4/30
83,115,2117,2023/1/19
83,115,3938,2021/1/9
83,115,3944,2024/2/2
81,115,3955,2021/11/19
81,115,6942,2023/9/21
81,115,3935,2022/11/10
4,116,5059,2020/12/18
4,116,4840,2023/12/27
4,116,4848,2023/5/2
4,116,6641,2021/2/23
4,116,4841,2022/2/19
75,116,4842,2021/5/17
75,116,4850,2022/12/6
75,116,4839,2023/7/1
75,116,4844,2022/5/19
97,117,4985,2022/3/4
97,117,4995,2023/4/26
80,117,4979,2022/6/3
80,117,6063,2020/11/26
80,117,4992,2022/7/28
12,117,4987,2022/9/13
12,117,4990,2023/9/26
12,117,2021,2021/12/1
100,118,4363,2023/6/26
100,118,4351,2023/12/22
62,118,4905,2021/8/8
62,118,5245,2020/5/18
62,118,4349,2022/10/22
62,118,4347,2022/6/21
62,118,4352,2022/2/3
17,118,4361,2023/1/10
17,118,4351,2020/8/9
19,119,2396,2023/4/24
19,119,913,2022/11/8
19,119,915,2022/6/21
19,119,911,2022/9/6
19,119,908,2022/5/24
46,119,911,2022/10/17
46,119,910,2021/7/6
51,120,1488,2021/1/21
51,120,1496,2021/10/23
51,120,1498,2023/3/6
51,120,1491,2020/5/8
92,120,1494,2021/4/11
92,120,9471,2020/10/24
92,120,1490,2023/6/17
46,120,1501,2023/10/23
46,120,1499,2020/6/19
46,120,1500,2022/6/19
46,120,1497,2022/8/22
88,122,2332,2020/11/22
88,122,2339,2022/12/8
88,122,2333,2023/10/23
88,122,2338,2020/8/20
5,122,2324,2022/10/30
5,122,4536,2020/7/14
5,122,2339,2020/9/10
42,122,2328,2020/7/21
42,122,2325,2020/6/22
30,123,1527,2022/1/13
30,123,1781,2022/6/18
30,123,1521,2022/6/27
30,123,6747,2022/2/25
30,123,1528,2024/1/22
31,123,1525,2021/9/12
31,123,6747,2022/5/12
31,123,1528,2020/5/19
29,124,3323,2021/10/5
29,124,3326,2020/6/15
29,124,3308,2020/4/24
86,124,3329,2022/5/20
86,124,3313,2020/8/23
86,124,3330,2022/2/25
86,124,3326,2022/11/19
17,124,3324,2021/8/28
17,124,3321,2022/12/16
17,124,3320,2020/7/10
17,124,3328,2022/6/30
17,124,3313,2021/9/7
96,125,1339,2020/6/2
96,125,1338,2022/4/11
96,125,1138,2023/7/31
96,125,1342,2023/7/16
96,125,1057,2022/6/28
95,125,1066,2020/9/12
95,125,1338,2020/9/13
95,125,2567,2022/4/4
95,125,8229,2022/5/25
12,125,1433,2023/1/27
12,125,6263,2020/12/3
36,126,3856,2023/5/25
36,126,5751,2023/1/15
24,126,3861,2023/12/8
24,126,3858,2023/5/1
24,126,1081,2020/8/29
24,126,3859,2021/8/2
24,126,3853,2021/12/18
46,126,3854,2020/6/14
46,126,3852,2022/3/24
73,127,7534,2022/8/25
73,127,3301,2023/7/26
73,127,3293,2020/6/11
73,127,3298,2022/9/13
73,127,3294,2023/5/1
28,127,9878,2021/10/1
28,127,3291,2024/2/8
28,127,8867,2023/1/12
29,128,4826,2020/5/17
29,128,4836,2021/5/27
50,128,7000,2023/7/4
50,128,2193,2021/6/20
44,128,4835,2021/8/20
44,128,3936,2023/8/2
44,128,4836,2022/12/24
44,128,4824,2024/1/28
9,129,2994,2022/9/1
9,129,2996,2021/1/27
9,129,2989,2021/10/18
9,129,3009,2023/8/19
9,129,2998,2022/9/18
46,129,3002,2020/9/17
46,129,2990,2023/4/10
46,129,2989,2023/11/19
55,130,3828,2022/5/5
46,130,7115,2023/11/24
46,130,3824,2023/2/10
46,130,3835,2023/4/1
46,130,3822,2021/3/17
65,131,4302,2020/8/30
65,131,4281,2021/11/2
93,131,4171,2022/5/1
93,131,4291,2021/1/23
81,131,4285,2020/7/15
81,131,4300,2022/1/21
94,132,2461,2022/10/4
94,132,2452,2021/10/16
94,132,2458,2022/3/9
94,132,2457,2020/9/9
94,132,2454,2022/5/17
26,133,3173,2023/9/25
26,133,3171,2022/8/22
26,133,3167,2023/11/29
26,133,3182,2022/7/15
88,133,3177,2021/12/14
88,133,3165,2022/3/10
88,133,3183,2021/1/23
88,133,3181,2020/6/20
91,134,2922,2022/12/24
91,134,2914,2022/10/31
91,134,4850,2023/3/2
91,134,2928,2022/8/21
8,134,2916,2021/2/26
8,134,2921,2021/3/19
8,134,2927,2021/9/8
8,134,2929,2021/5/1
8,134,2925,2022/3/26
83,134,4850,2022/11/12
83,134,2920,2021/12/28
83,134,2923,2022/7/11
83,134,2922,2023/4/29
83,134,2928,2021/1/2
47,135,3026,2021/3/31
47,135,3018,2023/7/26
93,135,3022,2022/4/23
93,135,3021,2022/12/12
93,135,3025,2023/1/7
93,135,3026,2020/12/18
59,135,3022,2020/8/23
59,135,3019,2022/5/5
59,135,3020,2023/9/25
59,135,3014,2023/9/10
98,136,4769,2021/9/29
98,136,4770,2022/10/4
98,136,4789,2020/12/9
98,136,4782,2022/2/7
73,136,4780,2020/11/2
73,136,4781,2024/1/26
73,136,4779,2021/8/6
73,136,4787,2022/9/12
78,137,850,2020/12/27
78,137,865,2021/5/22
78,137,849,2023/1/24
78,137,862,2020/12/16
78,137,845,2022/9/2
3,137,865,2023/9/24
3,137,5319,2023/4/4
3,137,864,2022/7/6
94,138,873,2021/8/25
94,138,867,2022/1/19
94,138,879,2023/10/22
81,138,877,2023/11/10
81,138,872,2023/4/20
88,138,883,2021/9/21
88,138,875,2020/8/4
54,139,2314,2022/6/19
54,139,7254,2022/11/20
54,139,2307,2022/12/20
54,139,2306,2021/1/22
55,139,2636,2020/8/2
55,139,2318,2022/9/7
75,140,2148,2022/2/22
75,140,2142,2023/4/15
75,140,4003,2022/2/22
75,140,2145,2021/7/14
75,140,2138,2022/3/1
27,140,2154,2024/1/28
27,140,2144,2020/12/10
27,140,2150,2022/11/24
69,140,1442,2020/9/27
69,140,2143,2021/11/11
69,140,2153,2020/10/15
69,140,2141,2023/7/19
69,140,2152,2023/10/25
81,141,5209,2021/10/30
81,141,5213,2020/12/6
81,141,1851,2023/6/15
81,141,5221,2020/10/23
44,141,5209,2021/8/26
44,141,5219,2023/10/6
32,142,3412,2021/5/4
32,142,3409,2023/8/1
32,142,3401,2023/4/5
74,142,3416,2023/10/21
74,142,3391,2023/3/13
74,142,3392,2020/8/13
74,142,3408,2023/8/27
18,142,3402,2021/8/28
18,142,3408,2020/6/6
18,142,3409,2022/8/23
18,142,3392,2020/8/2
18,142,3416,2021/6/5
94,143,3215,2020/8/22
94,143,3218,2023/8/21
94,143,3217,2022/5/24
72,143,3226,2022/8/9
72,143,3232,2020/7/15
72,143,3217,2023/11/24
72,143,3229,2022/11/24
72,143,4421,2021/12/2
46,144,5008,2022/3/7
46,144,5014,2022/12/27
46,144,5001,2020/10/26
64,144,5011,2020/9/6
64,144,6897,2023/6/6
79,144,5018,2020/5/30
79,144,4997,2021/7/11
79,144,5002,2022/6/19
49,145,1006,2020/9/6
49,145,1017,2020/11/29
49,145,8339,2024/2/7
93,145,1029,2023/9/16
93,145,1006,2021/11/21
93,145,1001,2022/3/23
93,145,1017,2023/10/20
33,145,1026,2021/5/21
33,145,1015,2022/8/10
33,145,998,2020/6/26
33,145,1021,2024/1/19
94,146,123,2022/12/4
94,146,1146,2022/3/30
94,146,7132,2021/9/2
93,146,1143,2022/10/27
93,146,6607,2021/11/6
93,146,1149,2020/7/24
93,146,1151,2020/7/28
28,147,3701,2022/9/3
28,147,4135,2023/4/4
28,147,1607,2022/9/14
28,147,1618,2022/2/15
28,147,1598,2021/9/1
25,147,3711,2023/5/12
25,147,3712,2024/1/3
25,147,1599,2021/1/19
25,147,3707,2020/11/15
20,147,1604,2022/12/14
20,147,3380,2020/12/21
20,147,1610,2021/6/24
20,147,3708,2023/4/27
40,148,4767,2020/9/24
40,148,4763,2020/9/16
30,148,4755,2021/10/2
30,148,4753,2020/4/19
30,148,4750,2020/10/29
77,148,4742,2022/11/6
77,148,4755,2022/5/19
77,148,4766,2024/2/1
77,148,4753,2020/12/10
77,148,4765,2023/7/29
38,149,3786,2021/3/3
38,149,3785,2023/8/30
38,149,3465,2023/2/18
90,149,3465,2024/1/14
90,149,3781,2022/3/17
9,150,3340,2023/8/19
9,150,3353,2021/10/17
82,150,3352,2022/7/30
82,150,3335,2021/12/26
82,150,3334,2021/10/6
75,151,4894,2023/12/29
75,151,4900,2023/2/28
75,151,4897,2022/6/10
75,151,4896,2020/12/13
75,151,8390,2021/8/12
28,151,1846,2024/2/1
28,151,4897,2021/6/22
4,152,4718,2023/5/6
4,152,4708,2022/8/15
4,152,7808,2022/2/19
92,152,4715,2022/6/6
92,152,4709,2022/3/26
92,152,4718,2023/2/1
92,152,4719,2020/10/9
40,152,3516,2022/9/20
40,152,4720,2021/3/25
40,152,4717,2020/7/6
40,152,4719,2023/4/29
16,153,4142,2020/7/20
16,153,8096,2021/9/26
69,153,4150,2020/10/27
69,153,4144,2024/2/9
69,153,4146,2022/6/7
69,153,4147,2021/12/15
90,154,2224,2023/12/18
90,154,2240,2021/6/16
98,154,2244,2020/8/24
98,154,2240,2023/10/28
98,154,2231,2021/5/4
89,155,3128,2023/2/23
89,155,3121,2022/5/23
89,155,3132,2022/7/14
92,155,3128,2020/8/12
92,155,3131,2020/10/9
86,155,3124,2020/9/6
86,155,3127,2021/9/18
86,155,3118,2023/1/23
86,155,3126,2021/11/15
86,155,4791,2023/8/6
84,156,3469,2022/8/26
84,156,3463,2022/4/11
84,156,3475,2022/1/4
84,156,3467,2022/1/16
89,156,3468,2024/1/2
89,156,3465,2022/4/26
89,156,3477,2024/2/6
89,156,3463,2022/4/25
89,156,3478,2022/9/15
25,157,642,2020/11/14
25,157,631,2022/9/7
42,157,2674,2022/6/16
42,157,2658,2023/1/29
42,157,7060,2022/3/26
42,157,2678,2020/12/2
58,158,3507,2021/10/14
58,158,3516,2023/6/5
30,158,6132,2023/3/18
30,158,3516,2022/9/17
74,159,2203,2023/8/6
74,159,2188,2021/2/28
74,159,2200,2022/11/21
19,159,2201,2022/7/26
19,159,2988,2020/11/6
19,159,6985,2021/8/10
19,159,2203,2020/5/15
91,159,2199,2020/6/19
91,159,2203,2021/12/31
91,159,2195,2023/10/8
91,159,9486,2023/6/5
91,159,2188,2022/7/27
89,160,4346,2021/7/16
89,160,7656,2022/5/31
86,160,4337,2021/2/1
86,160,4334,2021/3/7
86,160,4336,2023/1/27
86,160,4339,2023/12/6
64,161,5185,2023/11/5
64,161,5182,2020/10/27
64,161,5178,2021/5/11
64,161,5174,2020/4/28
19,161,2535,2023/10/30
19,161,5173,2021/1/8
45,162,2594,2023/7/11
45,162,2593,2023/5/25
45,162,2598,2021/1/4
45,162,2591,2024/1/24
45,162,2601,2023/1/20
48,162,2605,2020/9/18
93,162,2599,2022/3/10
93,162,2600,2022/1/5
93,162,2601,2023/1/9
59,163,1188,2021/9/9
59,163,1180,2022/4/2
10,163,1191,2022/11/21
10,163,1182,2022/8/15
10,163,1174,2020/9/20
10,163,1184,2022/8/20
12,164,3996,2020/5/24
12,164,3988,2021/12/2
12,164,4006,2023/3/28
49,164,3990,2021/1/6
49,164,3998,2023/9/16
70,164,4002,2023/2/22
70,164,4005,2020/10/22
70,164,3991,2021/3/6
70,164,3990,2023/12/27
14,165,2954,2020/10/30
14,165,2956,2023/2/17
14,165,2939,2023/12/31
14,165,2946,2024/1/20
14,165,2930,2021/12/6
99,165,2951,2023/4/13
99,165,2930,2022/9/2
8,166,2252,2022/5/24
8,166,3750,2023/2/17
8,166,4727,2020/10/7
8,166,2260,2023/5/28
8,166,2257,2022/12/11
30,166,2257,2021/9/9
30,166,5658,2023/3/14
31,167,1043,2021/11/10
31,167,2988,2022/7/13
31,167,1050,2022/6/10
31,167,1799,2022/3/10
42,167,2982,2021/3/4
42,167,536,2022/1/27
42,167,2983,2023/11/26
99,167,2985,2021/2/14
99,167,2976,2020/11/20
99,167,3255,2022/11/29
99,167,1050,2022/6/14
75,168,4212,2023/5/3
75,168,4220,2023/4/21
66,168,4218,2023/12/7
66,168,4646,2022/5/17
66,168,4213,2022/1/17
24,169,3607,2023/5/31
24,169,3605,2024/1/17
24,169,2251,2023/10/23
24,169,3606,2022/10/1
2,169,3609,2021/3/11
2,169,3598,2023/11/23
23,169,3592,2023/5/3
23,169,3589,2021/7/26
23,169,3587,2021/7/22
23,169,3604,2020/12/4
65,170,4400,2020/10/23
65,170,4403,2022/1/24
65,170,4406,2022/12/10
42,170,4402,2022/9/27
42,170,2355,2022/5/22
42,170,4403,2020/8/17
56,171,2029,2021/4/17
56,171,2028,2022/12/27
56,171,2030,2021/5/13
57,171,2031,2021/1/20
57,171,2029,2020/12/11
57,171,2027,2021/10/8
57,171,7309,2020/5/26
57,171,2030,2022/10/1
92,172,1988,2020/4/16
92,172,1986,2022/8/12
92,172,1995,2020/5/6
92,172,3697,2023/1/5
83,172,1983,2023/5/7
83,172,1981,2020/12/2
83,172,1984,2022/1/7
83,172,1976,2023/2/5
83,172,1989,2021/1/15
32,172,1979,2024/1/12
32,172,1976,2022/2/18
32,172,1984,2023/12/24
65,173,3458,2020/9/6
65,173,3459,2023/12/1
65,173,1184,2020/4/22
65,173,3460,2021/11/16
82,173,3461,2021/2/11
82,173,2569,2021/12/28
74,173,3451,2020/6/25
74,173,3453,2021/6/25
74,173,3456,2022/7/25
88,174,675,2022/1/17
88,174,680,2021/1/3
88,174,670,2023/9/30
80,174,665,2021/12/13
80,174,1346,2023/2/19
80,174,673,2020/5/30
80,174,680,2022/8/17
80,174,664,2022/1/30
15,175,2823,2021/7/7
15,175,2811,2022/11/29
85,175,2814,2022/1/24
85,175,2009,2020/6/23
22,175,2818,2020/11/7
22,175,2817,2023/9/27
11,176,5060,2021/10/4
11,176,5058,2022/5/29
11,176,5966,2023/5/28
11,176,5057,2020/12/7
96,176,5055,2023/6/7
96,176,5068,2022/8/29
99,176,5058,2020/10/3
99,176,5060,2021/5/21
99,176,5057,2021/2/17
99,176,5062,2021/6/17
99,176,5064,2021/3/29
80,177,3211,2023/6/18
80,177,9240,2023/3/13
80,177,3209,2022/8/16
79,177,3212,2021/4/15
79,177,9240,2022/4/4
79,177,6869,2021/3/31
79,177,3213,2022/1/2
7,177,3210,2020/6/15
7,177,3205,2022/4/21
7,177,3211,2023/11/8
18,178,4917,2022/12/24
18,178,1624,2023/3/13
18,178,4914,2022/7/27
18,178,4913,2022/9/20
23,178,4921,2021/7/21
23,178,4912,2021/7/12
23,178,4917,2023/9/23
77,178,4913,2023/7/6
77,178,4912,2021/10/23
70,179,4820,2020/9/22
70,179,4821,2022/1/19
90,179,4821,2020/5/20
90,179,4815,2020/10/19
84,180,4802,2021/10/19
84,180,4800,2021/3/6
84,180,4796,2023/11/25
84,180,4795,2021/9/24
85,180,4803,2020/7/13
85,180,4804,2020/9/16
94,181,1038,2022/1/18
94,181,2362,2021/4/10
94,181,2344,2021/8/12
94,181,2367,2021/10/27
6,181,9008,2023/5/28
6,181,2368,2021/5/14
66,182,5035,2021/2/20
66,182,5034,2022/1/30
38,182,1090,2020/10/20
38,182,5033,2020/10/10
38,182,5030,2020/6/9
38,182,5029,2022/9/23
79,183,2300,2021/1/6
79,183,2297,2021/2/7
79,183,2299,2021/5/3
79,183,2304,2022/4/16
61,183,2297,2023/2/25
61,183,2299,2023/1/3
18,184,2047,2021/2/13
18,184,2039,2023/10/14
18,184,2035,2020/8/26
18,184,2040,2020/12/24
18,184,2038,2021/12/5
100,184,2048,2023/7/1
100,184,2040,2023/8/30
33,184,2046,2021/12/29
33,184,2049,2021/5/24
33,184,2038,2021/10/9
33,184,2036,2022/10/18
27,185,1447,2021/11/14
27,185,1432,2022/1/1
99,185,1426,2022/2/15
99,185,1438,2022/4/26
93,185,1440,2021/3/21
93,185,1423,2021/5/21
93,185,1444,2023/7/12
6,186,3633,2021/12/1
6,186,3621,2022/8/4
6,186,3627,2021/9/30
61,186,3624,2022/8/10
61,186,3625,2020/11/25
61,186,3631,2022/1/21
92,187,1713,2023/5/29
92,187,3586,2020/10/10
92,187,2469,2022/4/23
56,187,8480,2023/7/5
56,187,1711,2020/10/16
94,188,2000,2022/4/3
94,188,1997,2022/4/1
94,188,2002,2022/5/13
73,188,1997,2023/9/24
73,188,2016,2020/5/20
75,189,2279,2022/1/20
75,189,6289,2021/11/14
75,189,2275,2021/11/4
75,189,1004,2021/6/21
96,189,2278,2023/2/22
96,189,2274,2021/1/15
59,189,2278,2021/3/15
59,189,2275,2022/7/27
59,189,2280,2022/7/20
62,190,3287,2021/10/17
62,190,3286,2021/5/19
62,190,6206,2023/12/16
62,190,3282,2023/6/30
85,190,6206,2021/1/2
85,190,3277,2020/9/11
85,190,3279,2021/1/31
85,190,3288,2021/7/16
39,190,3277,2022/11/13
39,190,3284,2023/5/29
3,191,3080,2020/5/15
3,191,3083,2020/5/24
3,191,3082,2020/6/24
3,191,3424,2020/10/30
50,191,3088,2023/4/4
50,191,3089,2020/9/23
50,191,5221,2023/12/20
81,192,4482,2023/4/29
81,192,4480,2021/9/21
81,192,4484,2024/1/5
85,192,4473,2021/6/12
85,192,4478,2021/5/2
86,192,4482,2021/8/27
86,192,4480,2024/1/22
86,192,4483,2023/11/19
86,192,4475,2023/7/13
69,193,928,2022/10/7
69,193,926,2021/3/10
94,193,930,2023/2/26
94,193,925,2021/5/24
94,193,921,2021/10/5
94,193,937,2021/3/20
37,194,1757,2020/6/28
37,194,1766,2020/6/21
68,194,1761,2022/6/23
68,194,1759,2022/9/15
68,194,1752,2024/2/6
22,195,5201,2023/2/20
22,195,5202,2021/11/25
22,195,5196,2023/7/8
22,195,5203,2022/10/17
22,195,5191,2023/7/19
21,195,5195,2022/7/12
21,195,5201,2024/1/6
21,195,5197,2022/4/18
21,195,7823,2020/4/15
21,195,5480,2023/12/1
73,196,5042,2021/12/23
73,196,5045,2020/12/15
73,196,5050,2022/2/24
73,196,8029,2020/8/12
100,196,8029,2024/1/28
100,196,5052,2020/5/20
100,196,5044,2024/1/28
100,196,7381,2020/10/17
100,196,5040,2023/10/18
95,196,5052,2023/2/1
95,196,5043,2020/11/9
95,196,5041,2022/1/28
95,196,5054,2021/10/23
95,196,5040,2022/9/20
20,197,3547,2022/4/29
20,197,3548,2020/8/11
20,197,3556,2021/1/1
20,197,3550,2020/12/14
21,197,3552,2020/5/1
21,197,6654,2023/11/11
21,197,3546,2021/9/30
21,197,3554,2021/7/31
21,197,3547,2021/1/16
21,198,4538,2021/4/10
21,198,4529,2020/10/12
8,198,4533,2021/10/28
8,198,4538,2020/12/24
8,198,4534,2023/1/20
9,199,4248,2020/6/15
9,199,4259,2024/1/2
9,199,4262,2021/7/6
9,199,4250,2021/9/9
63,199,7364,2021/6/20
63,199,9541,2022/7/26
63,199,4250,2023/12/5
86,200,1721,2021/10/19
86,200,1729,2023/9/21
86,200,1723,2021/7/15
86,200,1726,2022/10/19
86,200,7487,2022/7/1
79,200,8089,2023/11/24
79,200,1733,2021/1/27
79,200,1723,2022/10/28
40,200,1725,2022/1/16
40,200,1733,2020/11/2
40,200,5403,2023/9/27
30,201,2390,2021/7/10
30,201,2388,2020/10/30
89,202,8363,2023/12/26
89,202,4235,2022/4/24
89,202,4239,2021/4/13
83,202,8363,2021/7/28
83,202,4228,2021/5/13
83,202,4229,2021/5/9
83,202,4235,2023/12/3
83,202,4237,2021/6/4
81,202,4229,2020/12/30
81,202,4232,2020/11/29
81,202,4243,2021/12/6
2,203,2281,2023/2/14
2,203,9696,2020/11/11
2,203,2287,2022/2/23
2,203,6083,2023/6/12
11,203,2286,2020/11/5
11,203,4981,2024/1/2
90,203,7727,2024/1/24
90,203,2292,2020/10/3
44,204,5076,2022/11/3
44,204,5089,2021/3/19
88,204,5073,2024/1/17
88,204,5074,2021/11/8
79,205,3150,2020/4/16
79,205,3146,2022/1/10
79,205,3142,2020/12/14
79,205,3151,2020/7/12
34,205,3142,2023/7/27
34,205,3145,2023/9/14
88,206,2890,2023/7/8
88,206,2898,2023/12/25
42,206,8119,2020/8/7
42,206,2891,2020/8/24
42,206,2897,2023/5/29
42,206,2893,2022/11/24
